[
  {
    "Agencia": "Amazonas / Bongara / Jazan / Pedro Ruiz",
    "Direccion": "Av. Sacsahuaman N° 513 - Pedro Ruiz, Ref. A Media Cuadra De La Ugel"
  },
  {
    "Agencia": "Amazonas / Chachapoyas / Chachapoyas / Chachapoyas Co Dos De Mayo",
    "Direccion": "Jr. Dos De Mayo Cdra. 15 S/n Chachapoyas, Referencia: Junto A Terminal De Combis Etsa"
  },
  {
    "Agencia": "Amazonas / Chachapoyas / Chachapoyas / Chachapoyas Jr Grau",
    "Direccion": "Jr. Grau 270, Ref. Junto A La Agencia De Viajes Monteverde"
  },
  {
    "Agencia": "Amazonas / Luya / Luya / Luya",
    "Direccion": "Jr. Ramón Castilla S/n, Luya - Amazonas, Ref. Entre El Colegio Secundario Ramón Castilla Y El Jr. José Gálvez, A Media Cdra. Del Agente De Venta De Pasajes De Civa, Móvil Y Transporte Chiclayo"
  },
  {
    "Agencia": "Amazonas / Utcubamba / Bagua Grande / Bagua Grande",
    "Direccion": "Av. Chachapoyas 1094 Sector Gonchillo, Ref. A 2 Cuadras De La Clínica Señor De Los Milagros"
  },
  {
    "Agencia": "Ancash / Carhuaz / Carhuaz / Carhuaz",
    "Direccion": "Jr. Ica N° 773 Centro Carhuaz, Ancash, Ref. A Una Cuadra Antes Del Policlínico Doc. Cantu."
  },
  {
    "Agencia": "Ancash / Casma / Casma / Casma",
    "Direccion": "Av. Miguel Grau Mz. D 4 Lt. 1 Casma - Ancash, Ref. Frente Al Jardín De Infancia"
  },
  {
    "Agencia": "Ancash / Huaraz / Huaraz / Huaraz",
    "Direccion": "Av. 27 De Noviembre Cdra. 20 S/n - Villon Bajo, Referencia: Al Costado Del Grifo Primax"
  },
  {
    "Agencia": "Ancash / Huarmey / Huarmey / Huarmey",
    "Direccion": "Carr. Panamericana Norte N° Km 293 Sect. Panamericana Huarmey – Ancash, Ref. a 4 Cdras. Del Terminal Terrestre De Sur A Norte"
  },
  {
    "Agencia": "Ancash / Huaylas / Caraz / Caraz",
    "Direccion": "Av. 9 De Octubre N° 259 - Huaylas, Referencia: Al Costado De La Empresa Móvil Tours"
  },
  {
    "Agencia": "Ancash / Santa / Chimbote / Av Enrique Meiggs",
    "Direccion": "Av. Enrique Meiggs N° 2457."
  },
  {
    "Agencia": "Ancash / Santa / Chimbote / Av Jose Galvez",
    "Direccion": "Av. José Gálvez 791, Chimbote - Santa - Ancash, Ref. a 1 Cdra. Antes De Llegar Al Puente Gálvez"
  },
  {
    "Agencia": "Ancash / Santa / Chimbote / Av. Los Pescadores Co",
    "Direccion": "Par. Parcela N° 16757 - E Sector La Perla Tres Cabezas - Ancash, Ref. frente Al Estadio Centenario"
  },
  {
    "Agencia": "Ancash / Santa / Nuevo Chimbote / Av. Pacífico Belen",
    "Direccion": "Aa.hh. Belen Mz O Lt 28 - Nuevo Chimbote - Santa - Ancash, Ref. Frente Al Grifo Doxa"
  },
  {
    "Agencia": "Ancash / Santa / Nuevo Chimbote / Garatea",
    "Direccion": "Urb. Nicolas Garatea Mz. 100 lt. 24 - Nuevo Chimbote - Santa - Ancash, Ref. Frente Al Paradero Autos N.- Garatea"
  },
  {
    "Agencia": "Ancash / Santa / Nuevo Chimbote / Ovalo De La Familia",
    "Direccion": "Urbanización José Carlos Mariategui (ex Unicreto) Mz R 3 Lt 3 Ref. A Una Cuadra Del Óvalo La Familia"
  },
  {
    "Agencia": "Ancash / Santa / Nuevo Chimbote / Tres De Octubre",
    "Direccion": "Av. José Pardo Mz. K, Lt. 17 - Tres De Octubre, Referencia: Frente Al Óvalo Las Américas"
  },
  {
    "Agencia": "Ancash / Santa / Santa / Santa",
    "Direccion": "Panamericana Norte Km 442 - B, Santa, Ref. Al Lado De La Ferreteria La Llave"
  },
  {
    "Agencia": "Ancash / Yungay / Yungay / Yungay",
    "Direccion": "Jr. Industrial, Lte. 14 - Yungay, Ref. Al Costado Del Terminal Terrestre Y La Tapiceria Fredy"
  },
  {
    "Agencia": "Apurimac / Abancay / Abancay / Abancay",
    "Direccion": "Av. Panamericana S/n - Abancay - Apurímac, Ref. A 100 Metros De La Comisaría De Bellavista, Al Costado De Maderera Vega"
  },
  {
    "Agencia": "Apurimac / Andahuaylas / Andahuaylas / Andahuaylas",
    "Direccion": "Av. Los Cedros 274, Referencia: A 70 Metros Del Puente Del Hospital De Andahuaylas"
  },
  {
    "Agencia": "Arequipa / Arequipa / Alto Selva Alegre / Av Augusto Salazar Bondy",
    "Direccion": "Augusto Salazar Bondy Mz J Lt 4 Alto Selva Alegre - Arequipa, Ref. a Media Cdra. De La Iglesia Guadalupe"
  },
  {
    "Agencia": "Arequipa / Arequipa / Alto Selva Alegre / Av Lima",
    "Direccion": "Av. Lima N° 406 – Alto Selva Alegre - Arequipa, Ref. Esquina Con Av. Obrera Cuadra 20"
  },
  {
    "Agencia": "Arequipa / Arequipa / Arequipa / Arequipa Co",
    "Direccion": "Av. Parra 379 - Arequipa"
  },
  {
    "Agencia": "Arequipa / Arequipa / Cayma / Av Charcani",
    "Direccion": "Av. Charcani 401 Asoc. Jose Olaya, Ref. Frente Al Colegio Mendel"
  },
  {
    "Agencia": "Arequipa / Arequipa / Cayma / Plaza La Tomilla",
    "Direccion": "Av. Ramón Castilla N° 1000 - B La Tomilla Cayma - Referencia: En La Misma Plaza Tomilla"
  },
  {
    "Agencia": "Arequipa / Arequipa / Cerro Colorado / Asoc Las Flores - Av 54",
    "Direccion": "Asoc. Las Flores Zn.2 Mz.j Lt.8 - Cerro Colorado - Referencia: Av 54 - A Media Cuadra De Ferretería Gino"
  },
  {
    "Agencia": "Arequipa / Arequipa / Cerro Colorado / Asoc. Nuevo Horizonte - Av. 54",
    "Direccion": "Nuevo Horizonte Mz.h Lote 12 - Cerro Colorado - Arequipa, Ref. Con Av.54 A Cuatro Cdras. De Inkafarma"
  },
  {
    "Agencia": "Arequipa / Arequipa / Cerro Colorado / Autopista La Joya",
    "Direccion": "Asoc. Urbanizadora Peruarbo Sector Peru Zona I Mz. B4 Lt. 4 - Autopista La Joya - Arequipa, Ref. Autopista Arequipa - La Joya, A Dos Cdras. Del Sauna Candamo"
  },
  {
    "Agencia": "Arequipa / Arequipa / Cerro Colorado / Av Los Incas",
    "Direccion": "Av. Los Incas N° 604 Semirural Pachacutec – Cerro Colorado - Arequipa, Ref. Esquina Con Calle San Martin Semirural Pachacutec"
  },
  {
    "Agencia": "Arequipa / Arequipa / Cerro Colorado / Av Pumacahua",
    "Direccion": "Urb. San Felipe Av Pumacahua Lt 14, Cerro Colorado Arequipa, Ref. A Dos Cdras. Antes De Llegar Al Metro Cencosud / Ex Notaria Concha Revilla."
  },
  {
    "Agencia": "Arequipa / Arequipa / Cerro Colorado / Ciudad Municipal",
    "Direccion": "Mz. A, Sub Lt. 2 A, Asentamiento Poblacional Asociación Centro Industrial Las Canteras, Cerro Colorado - Arequipa, Ref. Al Costado Del Grifo Primax"
  },
  {
    "Agencia": "Arequipa / Arequipa / Cerro Colorado / Zamacola",
    "Direccion": "Calle Yavarí 507 B - Zamacola - Cerro Colorado – Arequipa, Ref. A Una Cuadra De La Posta De Zamacola (marcisa Campos)"
  },
  {
    "Agencia": "Arequipa / Arequipa / Jacobo Hunter / Jacobo Hunter",
    "Direccion": "Calle Argentina # 405 - A, Jacobo Hunter - Arequipa, Ref. Frente Al Cajero De Caja Arequipa Y Esquina Con El Banco Caja Arequipa"
  },
  {
    "Agencia": "Arequipa / Arequipa / La Joya / La Joya",
    "Direccion": "Lateral 12 C Lt. 32, El Cruce La Joya - Arequipa, Ref. Al Costado Del Grifo Primax De La Joya"
  },
  {
    "Agencia": "Arequipa / Arequipa / Mariano Melgar / Mariano Melgar",
    "Direccion": "Calle Ancash N° 202 - Mariano Melgar, Ref. A La Altura Del Coliseo Del Niño"
  },
  {
    "Agencia": "Arequipa / Arequipa / Miraflores / Miraflores Arequipa",
    "Direccion": "Av. Goyoneche N° 1422, Ref. Esquina Francisco Bolognesi"
  },
  {
    "Agencia": "Arequipa / Arequipa / Paucarpata / Av Jesus",
    "Direccion": "Av. Jesús N° 1100 Paucarpata – Arequipa, Ref. Con Esquina arturo Villegas N° 101."
  },
  {
    "Agencia": "Arequipa / Arequipa / Paucarpata / Urb Manuel Prado",
    "Direccion": "Calle Belén N°100 - A Urb. Manuel Prado - Paucarpata Referencia: A Espaldas Del Cc. Mall Aventura Porongoche."
  },
  {
    "Agencia": "Arequipa / Arequipa / Socabaya / Av Socabaya - Los Toritos",
    "Direccion": "Av. Socabaya 301 - Urb. San Martín De Socabaya, Ref. Al Frente Del Parque Victor Barriga"
  },
  {
    "Agencia": "Arequipa / Arequipa / Socabaya / Av. Horacio Zevallos",
    "Direccion": "Asentamiento Urbano Municipal Horacio Zeballos Gamez Sector E Mz. 1 Lt. 18 socabaya - Arequipa, Ref. al Costado Del Colegio Joule Y/o 2 Cdras. Del Penal De Socabaya"
  },
  {
    "Agencia": "Arequipa / Arequipa / Uchumayo / Uchumayo",
    "Direccion": "Urb. El Carmen M. E. Lt. 1 Congata Del Distrito Uchumayo - Arequipa, Ref. A Dos Cdras. De La Comisaria Congata"
  },
  {
    "Agencia": "Arequipa / Arequipa / Yura / Yura",
    "Direccion": "Mz. O Lt. 4 Zna 2 Ciudad De Dios - Yura - Arequipa, Ref. Carretera Yura"
  },
  {
    "Agencia": "Arequipa / Camana / Camana / Camana",
    "Direccion": "Calle Agustín Gamarra N° 451, Cercado Camaná, Referencia: Al Frente Del Delivey Caseritos"
  },
  {
    "Agencia": "Arequipa / Caraveli / Chala / Chala",
    "Direccion": "Av. Emancipacion Lt. 3 Mz. 51, Chala - Caravei - Arequipa, Ref. A Media Cdra. De La Caja Arequipa"
  },
  {
    "Agencia": "Arequipa / Caylloma / Majes / Majes Pedregal",
    "Direccion": "Lt. 4 De La Parcela 180, Vía Principal, Referencia: Frente Al Grifo El Eje"
  },
  {
    "Agencia": "Arequipa / Islay / Mollendo / Cercado Mollendo",
    "Direccion": "Calle Dean Valdivia 388 Cercado, Referencia: Esquina Con Blondel"
  },
  {
    "Agencia": "Arequipa / Islay / Mollendo / Mollendo Terminal Terrestre",
    "Direccion": "Av. Industrial N° 1, Terminal Terrestre De Mollendo"
  },
  {
    "Agencia": "Ayacucho / Huamanga / Ayacucho / Ayacucho Co",
    "Direccion": "Aa.hh Complejo Artesanal T1 Lt1 - Ayacucho - Referencia : A Una Cuadra De La Puerta 2 Del Terminal Terrestre Libertadores De América"
  },
  {
    "Agencia": "Ayacucho / Huamanga / Jesus Nazareno / Ayacucho Jesús Nazareno",
    "Direccion": "Jr. José María Eguren 451 - Jesus Nazareno - Huamanga - Ayacucho, Ref. Cruce Con Jr. Mariano Melgar"
  },
  {
    "Agencia": "Ayacucho / Huanta / Huanta / Huanta",
    "Direccion": "Jr. Gervasio Santillana N°976 - Huanta - Ayacucho. Ref, Cruce Con Jr. Revolución"
  },
  {
    "Agencia": "Cajamarca / Cajabamba / Cajabamba / Cajabamba",
    "Direccion": "Jr. Caceres N° 211 Cajabamba – Cajamarca, Ref. Esquina Con Jose Leal"
  },
  {
    "Agencia": "Cajamarca / Cajamarca / Cajamarca / Barrio San Jose",
    "Direccion": "Jr. Chanchamayo N° 1162 - Barrio San José Cajamarca, Referencia: Paralela Con Jr. Huancavelica Y Jr. Sara Macdougall."
  },
  {
    "Agencia": "Cajamarca / Cajamarca / Cajamarca / Cajamarca Co",
    "Direccion": "Av. Independencia N° 787 Barrio Santa Elena"
  },
  {
    "Agencia": "Cajamarca / Cajamarca / Cajamarca / Cajamarca Horacio Zevallos",
    "Direccion": "Jr. Emilio Barrantes Mz X Lote 3 Urb. Horacio Zevallos - Cajamarca. Referencia A Una Cuadra De La Universidad Privada Del Norte (upn) Y Vía De Evitamiento Norte Cuadra 13."
  },
  {
    "Agencia": "Cajamarca / Cajamarca / Cajamarca / Huambocancha Baja",
    "Direccion": "Mz. A Lote S/n – Barrio Huambocancha Baja – Cajamarca, Ref. A Una Cdra. Del Paradero De La P13/al Costado Del Campo Deportivo El Patriarca"
  },
  {
    "Agencia": "Cajamarca / Cajamarca / Jesus / Huaraclla",
    "Direccion": "Mz. A Lote S/n Cp Huaraclla - Jesus - Cajamarca, Ref. A Una Cdra. De La I.e. José Olaya Balandra."
  },
  {
    "Agencia": "Cajamarca / Cajamarca / Los Banos Del Inca / Baños Del Inca",
    "Direccion": "Jr. Cahuide N° 242 – Lotiz. Hurtado Miller – Baños Del Inca – Cajamarca, Ref. A Espaldas De Senati Y A Una Cdra. De La Base De Serenazgo De Baños Del Inca"
  },
  {
    "Agencia": "Cajamarca / Celendin / Celendin / Celendin",
    "Direccion": "Jr. Pedro Ortiz Montoya 148, Referencia: Esquina Con Av. Amazonas"
  },
  {
    "Agencia": "Cajamarca / Chota / Chota / Chota",
    "Direccion": "Av. Fray José Arana N 805 - Referencia : Frente Al Terminal Angel Divino"
  },
  {
    "Agencia": "Cajamarca / Contumaza / Chilete / Chilete",
    "Direccion": "Jr. Santa Rosa N° 130 - Chilete, Ref. A 100 Del Puente De Ingreso A Chilete"
  },
  {
    "Agencia": "Cajamarca / Contumaza / Yonan / Tembladera Cajamarca",
    "Direccion": "Jr. Bolognesi S/n – Tembladera - Yonan - Contumazá - Cajamarca, Ref. Al Frente Del Parque Víctor Raúl Haya De La Torre"
  },
  {
    "Agencia": "Cajamarca / Cutervo / Cutervo / Cutervo",
    "Direccion": "Av. Salomón Vilchez Murga S/n. Cdra 9 Referencia : Frente A La Clínica Cutervo"
  },
  {
    "Agencia": "Cajamarca / Hualgayoc / Bambamarca / Bambamarca",
    "Direccion": "Av. Tupac Amaru 1105, Referencia: Al Costado Del Paradero Al Cumbe"
  },
  {
    "Agencia": "Cajamarca / Jaen / Jaen / Jaen",
    "Direccion": "Av. Pakammuros Cuadra 6 S/n - Referencia: Esquina Con Calle Libertad N° 490"
  },
  {
    "Agencia": "Cajamarca / San Ignacio / San Ignacio / San Ignacio",
    "Direccion": "Pasaje Tres N° 113 Urb Santa Rosa, Cajamarca - San Ignacio, Ref. Frente Al Estado Municipal"
  },
  {
    "Agencia": "Cajamarca / San Marcos / Pedro Galvez / San Marcos",
    "Direccion": "Jr. Adolfo Amorin Bueno N° 140 San Marcos – Cajamarca, Ref. Al Frente De La Plaza Agropecuaria"
  },
  {
    "Agencia": "Cajamarca / San Miguel / San Miguel / San Miguel Cajamarca",
    "Direccion": "Jr. Bolognesi N° 717 – San Miguel – Cajamarca - Cajamarca, Ref. Al Costado Del Coliseo Y El Paradero De Llapa Y Cochán."
  },
  {
    "Agencia": "Cajamarca / San Pablo / San Pablo / San Pablo Cajamarca",
    "Direccion": "Jr. Tnt. Lorenzo Iglesia N° 910 - San Pablo – Cajamarca - Cajamarca, Ref. A Media Cdra. Del Hospital San Pablo"
  },
  {
    "Agencia": "Callao / Callao / Bellavista / Bellavista Callao",
    "Direccion": "Av. Elmer Faucett 1641 - Urb. Jardines Virú Mz. B Lt 46, Bellavista - Callao, Ref. A 2 Cuadras Del Cruce De Av. Faucett Con Av. Venezuela"
  },
  {
    "Agencia": "Callao / Callao / Callao / Av Quilca",
    "Direccion": "Unidad Inmobiliaria N° 1, Av. Quilca Mz. G Sub Lt. 11c, Urb. Aeropuerto – Segundo Sector - Callao, Ref. Cruce Con Calle 1, Frente A La Iglesia De Testigos De Jehová"
  },
  {
    "Agencia": "Callao / Callao / Callao / Av. Canta Callao",
    "Direccion": "Av. Canta Callao 10 - Parcela 2a Local 109, Referencia : Al Frente De Tottus"
  },
  {
    "Agencia": "Callao / Callao / Callao / Callao Faucett",
    "Direccion": "Av. Elmer Faucett N° 492"
  },
  {
    "Agencia": "Callao / Callao / La Perla / Ovalo La Perla",
    "Direccion": "Av. La Marina 530, Urb. Benjamin Doigg Lossio, La Perla, Callao, Ref. a 3 Cuadras Del Óvalo De La Perla"
  },
  {
    "Agencia": "Callao / Callao / Ventanilla / Pachacútec",
    "Direccion": "Urb. Popular De Interés Social (upis) – Proyecto Especial Ciudad Pachacutec, Mz. A, Lt. 23, Sect. G Pachacutec - Ventanilla, Ref. Grifo Repsol Cruce De Av. 225 Con Av. Los Arquitectos"
  },
  {
    "Agencia": "Callao / Callao / Ventanilla / Ventanilla",
    "Direccion": "Calle 19, Mz. J Lt. 26 Zn - Urb. Coop. De La Marina, Referencia: Al Costado De Lubricentro Pablito Romero"
  },
  {
    "Agencia": "Cusco / Anta / Anta / Anta Izcuchaca",
    "Direccion": "Urb. Parque Del Carmen Mz B Lt.3 - Izcuchaca Anta Cusco. Referencia: A Una Cuadra Del Paradero La Unión En La Misma Carretera Principal De Izcuchaca."
  },
  {
    "Agencia": "Cusco / Calca / Calca / Cusco Calca",
    "Direccion": "Av. Vilcanota Mz. A Lt 4 Calca - Cusco, Ref. Frente Al Grifo Petro Perú O El Óvalo Puma - Entrada De Calca"
  },
  {
    "Agencia": "Cusco / Calca / Pisac / Pisac",
    "Direccion": "Av Vilcanota S/n, Pisac - Calca - Cusco, Ref. A Media Cdra. Del Puente De Pisac / Carretera A Taray"
  },
  {
    "Agencia": "Cusco / Canchis / Combapata / Combapata",
    "Direccion": "Av. Señor De Huanca S/n - Combapata - Canchis - Cusco, Ref. Al Costado Del Grifo Señor De Qoylluriti - A Orillas De La Misma Carretera A Sicuani"
  },
  {
    "Agencia": "Cusco / Canchis / Sicuani / Sicuani Co Ovalo San Andres",
    "Direccion": "Prolong. Av. Arequipa 1010 S/n, Ref: Al Costado Del Grifo Guadalupe En El Óvalo San Andrés"
  },
  {
    "Agencia": "Cusco / Cusco / Cusco / Tica Tica",
    "Direccion": "Arco Ticatica Pustipata, Lt. N° A - 11 - 2, Cusco, Ref. En La Av. Principal A 3 Cdras. Del Mercado Tica Tica"
  },
  {
    "Agencia": "Cusco / Cusco / San Jeronimo / San Jeronimo",
    "Direccion": "Calle Ciro Alegría 226 - 224, Ref. Una Cuadra Antes Del Paradero Penal En El Carril De Bajada"
  },
  {
    "Agencia": "Cusco / Cusco / San Sebastian / Cachimayo - San Sebastian",
    "Direccion": "Urb. Cachimayo A-37 Av. La Cultura – San Sebastian – Cusco, Ref. Entre Paradero Enaco Y Parque Cachimayo, A 2 Cuadra De La Universidad Andina."
  },
  {
    "Agencia": "Cusco / Cusco / San Sebastian / Vía Expresa Sur",
    "Direccion": "Urb. Tupac Amaru B-1-2 san Sebastian – Cusco, Ref. Terminando La Via Expresa Zona Sur"
  },
  {
    "Agencia": "Cusco / Cusco / Santiago / Av Antonio Lorena",
    "Direccion": "Prolongación Av. Antonio Lorena # 140 - Santiago, Cusco, Referencia: Al Frente Del Cementerio Almudena"
  },
  {
    "Agencia": "Cusco / Cusco / Santiago / Urb. Bancopata Av. Industrial",
    "Direccion": "Av. Industrial Urb. Bancopata J-20, Santiago - Cusco, Ref. a 2 Cdras. Del Ovalo Pachacutec, Frente A La Empresa Coca Cola"
  },
  {
    "Agencia": "Cusco / Cusco / Wanchaq / Av Pachacutec",
    "Direccion": "Av. Pachacutec 429 - Wanchaq, Ref. A 100 Mtrs. De La Piscina Wanchaq"
  },
  {
    "Agencia": "Cusco / Cusco / Wanchaq / Cusco Co Parque Industrial",
    "Direccion": "Av. Las Americas Mz. E Lt. 20, 2da Etapa, Urb. Parque Industrial, Wanchaq - Cusco, Ref. Al Frente De Talleres Pfuro, Al Frente De Mederera Urpi, Paralela a La Av Via Expresa."
  },
  {
    "Agencia": "Cusco / Cusco / Wanchaq / Velasco Astete",
    "Direccion": "Velasco Astete D3 - Wanchaq, Referencia: A 2 Cdras. Del Aereopuerto"
  },
  {
    "Agencia": "Cusco / Espinar / Yauri ( Espinar ) / Espinar",
    "Direccion": "Av. Tintaya N° 215 Espinar, Ref. A Dos Cuadra S De Los Bomberos"
  },
  {
    "Agencia": "Cusco / La Convencion / Santa Ana / Quillabamba",
    "Direccion": "Jr. Palmeras Mz. N Lt. 06, Referencia: Al Costado De Muebles Maranura"
  },
  {
    "Agencia": "Cusco / Quispicanchi / Oropesa / Oropesa",
    "Direccion": "Sec. Chimpapampa Apv. Jose Ccarlos Mareategui s/n, Oropesa - Quispicanchi - Cusco, Ref. A Una Cdra. De La Carreta A Urcos / A Una Cdra. De La Panificadora Cachito Amarillo"
  },
  {
    "Agencia": "Cusco / Quispicanchi / Urcos / Urcos",
    "Direccion": "Mayupata S/n Paucarbamba, Urcos - Quispicanchi - Cusco Referencia: Al Frende Del Estadio Municipal De Urcos / Al Frente Del Terminal Terrestre De Urcos"
  },
  {
    "Agencia": "Cusco / Urubamba / Chinchero / Chinchero",
    "Direccion": "Av. Mateo Pumacahua S/n, Chinchero - Urubamba - Cusco, Ref Al costado De La Caja Cusco / En La Misma Carretera A Urubamba"
  },
  {
    "Agencia": "Cusco / Urubamba / Urubamba / Cusco Urubamba",
    "Direccion": "Asoc. Pro Vivienda Vilcanota - Cusco, Ref. Frente Al Hotel San Agustin"
  },
  {
    "Agencia": "Huancavelica / Huancavelica / Huancavelica / Huancavelica",
    "Direccion": "Av. Universitaria 1003 - Huancavelica, Ref. A 1 Cdra. De La Escuela Santa Ana Y A 3 Cdras. Del Puente Del Ejército (barrio Santa Ana)"
  },
  {
    "Agencia": "Huanuco / Ambo / Ambo / Ambo",
    "Direccion": "Av. Las Americas 501, Ref. Al Frente Del Colegio Juan José Crespo Y Castillo"
  },
  {
    "Agencia": "Huanuco / Huanuco / Amarilis / Amarilis Co",
    "Direccion": "Jr. Los Pinos Lote 3 -d2 Urb Los Pinos - Amarilis - Huánuco, Ref. A La Espalda De Toyota Huánuco"
  },
  {
    "Agencia": "Huanuco / Huanuco / Huanuco / Jr Aguilar",
    "Direccion": "Jr. Aguilar N° 872 - Huánuco"
  },
  {
    "Agencia": "Huanuco / Leoncio Prado / Jose Crespo Y Castil / Aucayacu",
    "Direccion": "Jr. Chiclayo 247 0c-02 Cent Aucayu, Leoncio Prado, Huánuco, Ref. Atrás Del Estadio Municipal"
  },
  {
    "Agencia": "Huanuco / Leoncio Prado / Rupa Rupa / Tingo María - Amazonas",
    "Direccion": "Av. Amazonas Nro 778 - Leoncio Prado, Ref. A 1 Cuadra Del Reniec"
  },
  {
    "Agencia": "Huanuco / Leoncio Prado / Rupa Rupa / Tingo Maria Co Buenos Aires",
    "Direccion": "Calle Rosario Central, Referencia: Segunda Entrada De Buenos Aires, En La Misma Esquina"
  },
  {
    "Agencia": "Ica / Chincha / Chincha Alta / Calle Los Angeles",
    "Direccion": "Calle Los Ángeles N° Casa 217 01 - A Sin Barriio Cercado, Chincha Alta - Chincha - Ica, Ref. A 2 Cdras. De La Plaza De Armas De Chncha Pasando Electrodunas"
  },
  {
    "Agencia": "Ica / Chincha / Chincha Alta / Prolong Luis Massaro Co",
    "Direccion": "Prolongacion Luis Massaro N°247 - Chincha Alta"
  },
  {
    "Agencia": "Ica / Chincha / Pueblo Nuevo / Chincha Pueblo Nuevo",
    "Direccion": "Aa. Hh. Los Alamos, Calle Los Laureles Mz. 17 Lt. 11- A, Ref. A 2 Cdras. De La Posta Los Álamos"
  },
  {
    "Agencia": "Ica / Ica / Ica / Ica Av. Jj Elias",
    "Direccion": "Manzana B, Sub-lote 02 Del Fundo La Palma Ica, Ref. Cruce De Av. Cutervo Con Av. J.j Elias"
  },
  {
    "Agencia": "Ica / Ica / Ica / Ica San Joaquin",
    "Direccion": "Pasaje Grau N° 101 San Joaquin - Ica Referencia : A 1 Cdra De Petro Peru"
  },
  {
    "Agencia": "Ica / Ica / Ica / Ica Urb. Manzanilla",
    "Direccion": "Av. Manuel Santana Chiri N°359 A1 – Ica, Ref. Cruce Con Calle Baltazar Caravedo"
  },
  {
    "Agencia": "Ica / Ica / La Tinguina / La Tinguiña",
    "Direccion": "Av. Victorio Gotuzzo N° 506 - Tinguiña - Ica, Ref. Cruce Con Fray Ramón Rosas, Al Costado De La Comisaria P.n.p. La Tinguiña"
  },
  {
    "Agencia": "Ica / Ica / Parcona / Parcona",
    "Direccion": "Cp. De Parcona -cercado (primera Etapa) Mz. B Lote 16 Parcona - Ica, Ref. Av. 18 De Febrero y Cruce De Av. Natividad Paco"
  },
  {
    "Agencia": "Ica / Ica / Salas / Salas Ica",
    "Direccion": "Sub Lote 01 zona panamericana sur km. 293.350, Salas guadalupe - Ica - Ica, Ref. Frente Al Estadio De Salas Guadalupe"
  },
  {
    "Agencia": "Ica / Ica / Santiago / Ica Santiago",
    "Direccion": "Centro Poblado Santiago Mz. E, Lt. 01 Sector Ii Santiago - Ica - Ica, Ref. Frente A La Comisaria De Santiago"
  },
  {
    "Agencia": "Ica / Nazca / El Ingenio / El Ingenio",
    "Direccion": "Av. Principal Tulin 204, El Ingenio - Nazca - Ica, Ref. Fremte A A La Plaza De Tulin"
  },
  {
    "Agencia": "Ica / Nazca / Marcona / San Juan De Marcona",
    "Direccion": "Aa.hh. San Martín De Porres E-4 San Juan De Marcona - Nazca - Ica, Ref. cruce De Av. Las Orquídeas Con Av. San Martin De Porras A Dos Puertas Del Hotel San Martin"
  },
  {
    "Agencia": "Ica / Nazca / Nazca / Nazca",
    "Direccion": "En La Esquina De La Av. Circunvalación Con Calle S/n, Hoy Calle Las Mercedes S/n Nasca - Referencia: Al Lado De La Iep Jean Piaget"
  },
  {
    "Agencia": "Ica / Pisco / Pisco / Av Abraham Valdelomar Co",
    "Direccion": "Av. Abraham Valdelomar S/n, Urb. Residencial Paracas Mz C Lt 14 - Pisco Referencia : Cruce Con Av. Las Américas, Al Costado De La Posta San Martin"
  },
  {
    "Agencia": "Ica / Pisco / Pisco / La Villa Cruce Pisco",
    "Direccion": "C. P. Oblacion Villa Los Angeles Mz.a Lt 13 B La Villa pisco-pisco-ica, Ref. A 100 Metros Con Dirección Al Sur Dedl Cruce Panamericana Antigua C/n Av. Fermín Tangüis"
  },
  {
    "Agencia": "Ica / Pisco / San Clemente / San Clemente",
    "Direccion": "Av. Los Libertadores Grupo Número 1 Mz,91 Lote 7ª San Clemente - Pisco - Ica, Ref. Libertadores Sexta Cuadra,frente Del Grifo Santa Rosa"
  },
  {
    "Agencia": "Junin / Chanchamayo / Bajo Pichanaqui / Pichanaki",
    "Direccion": "Av. Venus Lt. 20 Ciudad Satélite - Ref. ( A 1 Cuadra Y Media Del Parque De Satélite)"
  },
  {
    "Agencia": "Junin / Chanchamayo / La Merced / La Merced",
    "Direccion": "Av. Perú 545, Sector Pampa Del Carmen, La Merced - Chanchamayo - Junín, Re. Frente A La Cooperativa"
  },
  {
    "Agencia": "Junin / Chanchamayo / Perene / Perene",
    "Direccion": "Av. Marginal S/n Aa.vv San Jacinto - perene - Chanchamayo - Junin, Ref. Antes Del Ultimo Rompemuelle De San Jacinto"
  },
  {
    "Agencia": "Junín / Chanchamayo / San Ramón / San Ramón",
    "Direccion": "Jr. Ucayali 102 - San Ramón, Referencia: Frente A La Caja Huancayo Y El Parque El Avión"
  },
  {
    "Agencia": "Junin / Chupaca / Chupaca / Chupaca",
    "Direccion": "Av. Los Heroes N° 353, Referencial: Al Frente Del Instituto Pedagógico Teodoro Peñaloza"
  },
  {
    "Agencia": "Junin / Concepcion / Concepcion / Concepcion",
    "Direccion": "Jr. Iquitos Nº 558, Referencia: A Media Cdra. Del Local 3 De Marzo"
  },
  {
    "Agencia": "Junin / Huancayo / Chilca / Chilca Huancayo",
    "Direccion": "Jr. 28 De Julio N° 935, Ref. Esquina 28 De Julio Y Santos Chocano"
  },
  {
    "Agencia": "Junin / Huancayo / El Tambo / Av Circunvalación Cruce Con Mariategui",
    "Direccion": "Av. Circunvalación 480 T-1, El Tambo - Huancayo - Junin, Ref. Esquina Con Prolongación Mariategui"
  },
  {
    "Agencia": "Junin / Huancayo / El Tambo / Av Mariscal Castilla Co Parque Industrial",
    "Direccion": "Av Mariscal Castilla 2769 Referencia : Frente Al Colegio Andres Bello"
  },
  {
    "Agencia": "Junin / Huancayo / El Tambo / Pio Pata",
    "Direccion": "Av. Huancavelica 1201, El Tambo - Huancayo - Junín, Ref. Esquina Con El Jr. La Victoria"
  },
  {
    "Agencia": "Junin / Huancayo / Huancayo / Huancayo Jr. Ica",
    "Direccion": "Jr. Ica Nº 1143 - Huancayo, Referencia: Entre El Jr. Ica Y El Jr. Tacna"
  },
  {
    "Agencia": "Junin / Huancayo / Huancayo / San Carlos Huancayo",
    "Direccion": "Pj. San Fernando 209 Huancayo - Huancayo - Junin, Ref. Esquina Del Jr. San Fernando Y Mártires Del Periodismo"
  },
  {
    "Agencia": "Junin / Huancayo / Huancayo / Terminal Los Andes",
    "Direccion": "Av. Ferrocarril S/n - Huancayo - Counter N° 14, Ref. Terminal Terrestre Los Andes, Frente Al Open Plaza"
  },
  {
    "Agencia": "Junin / Huancayo / San Agustin / San Agustin De Cajas",
    "Direccion": "Carretera Central Km 7.5 S/n San Agustin – Huancayo – Junín, Ref. Frente A La Envasadora Solgas"
  },
  {
    "Agencia": "Junin / Jauja / Jauja / Jauja",
    "Direccion": "Jr. Leticia N° 142- Jauja Referencia : Al Costado Del Court De Básquet"
  },
  {
    "Agencia": "Junin / Satipo / Mazamari / Mazamari",
    "Direccion": "Jr. Jorge Chavez Nro 144 Lt. 8a Junín - Satipo– Mazamari, Ref. Cerca A La Vía Principal, Al Costado Del Hospedaje Luján 1er Piso"
  },
  {
    "Agencia": "Junin / Satipo / Pangoa / Pangoa",
    "Direccion": "Av. Marginal S/n Número Villa Chavini Pangoa - Satipo - Junín, Ref. Al Costado De La Tienda Honda Inversiones Arauco San Martín De Pangoa"
  },
  {
    "Agencia": "Junin / Satipo / Satipo / Satipo",
    "Direccion": "Jr. Francisco Irazola 1077 - Junín , Ref. Fábrica La Satipeña"
  },
  {
    "Agencia": "Junin / Tarma / Tarma / Tarma",
    "Direccion": "Jr. Amazonas Nro. 1164 Tarma - Junín, Ref. entre Jr. Amazonas Con Av. Vienrich"
  },
  {
    "Agencia": "Junin / Yauli / La Oroya / La Oroya",
    "Direccion": "Av. Arévalo S/n (carretera Central) - Anexo El Tambo - Santa Rosa De Sacco"
  },
  {
    "Agencia": "La Libertad / Ascope / Paijan / Paijan",
    "Direccion": "Av. Panamericana Norte N° 1320 - Paijan"
  },
  {
    "Agencia": "La Libertad / Chepen / Chepen / Chepen",
    "Direccion": "Prolongacion Ezequiel Gonzales Caceda 193 - Sec. Chepen, Frente Al Coliseo"
  },
  {
    "Agencia": "La Libertad / Chepen / Pacanga / Pacanguilla",
    "Direccion": "Carretera Panamericana # 835 - Urb. Pacanguilla - Distrito Pacanga, Referencia: En La Misma Panamericana"
  },
  {
    "Agencia": "La Libertad / Otuzco / Otuzco / Otuzco",
    "Direccion": "Av. Alfredo Gutiérrez N° 120 - Otuzco - Otuzco - La Libertad."
  },
  {
    "Agencia": "La Libertad / Pacasmayo / Guadalupe / Ciudad De Dios",
    "Direccion": "Mz. A Lt. 01 Cpm Ciudad De Dios - Sec. Los Ángeles – Guadalupe – La Libertad, Ref. Al Costado Del Molino Samán Y A Dos Cuadras Del Cruce A Cajamarca"
  },
  {
    "Agencia": "La Libertad / Pacasmayo / Guadalupe / Guadalupe La Libertad",
    "Direccion": "Av. Nilla Cerruty N° 299 - Guadalupe – Pacasmayo – La Libertad, Ref. Al Costado Del Grifo Repsol - Neotech"
  },
  {
    "Agencia": "La Libertad / Pacasmayo / Pacasmayo / Pacasmayo Centro",
    "Direccion": "Av. Gonzalo Ugaz Salcedo S/n - Pacasmayo - La Libertad, Ref. Al Costado Del Estadio Municipal De Pacasmayo / A Media Cdra. Del Supermercado Tottus"
  },
  {
    "Agencia": "La Libertad / Pacasmayo / Pacasmayo / Pacasmayo Las Palmeras",
    "Direccion": "Ctra. Panamericana Norte N° Mz. P Lt. 4a - A.h. Las Palmeras, Referencia: Entre Av. Sucre Y Av. Leoncio Prado"
  },
  {
    "Agencia": "La Libertad / Pacasmayo / San Pedro De Lloc / San Pedro De Lloc",
    "Direccion": "Av. Vía De Evitamiento N° 407, San Pedro De Lloc - Pacasmayo - La Libertad, Ref. A Media Cdra. De La Calle Libertad/ A Media Cdra. Del Paradero De La Via De Evitamiento"
  },
  {
    "Agencia": "La Libertad / Sanchez Carrion / Huamachuco / Huamachuco",
    "Direccion": "Jr. Simon Bolivar 763, Huamachuco Sanchez Carrion - La Libertad, Ref. Entre Jr. Independecia Y Jr. Alfonso Ugarte"
  },
  {
    "Agencia": "La Libertad / Trujillo / El Porvenir / Alto Trujillo",
    "Direccion": "Av. Prolongación 12 De Noviembre, Mz. Q, Lt. 25, Referencia: A Media Cdra. De La Comisaría Alto Trujillo"
  },
  {
    "Agencia": "La Libertad / Trujillo / El Porvenir / Av Hermanos Angulo",
    "Direccion": "Av. Hermanos Angulo 628, Trujillo, Ref. A Espaldas De La Municipalidad El Porvenir"
  },
  {
    "Agencia": "La Libertad / Trujillo / El Porvenir / Av. Las Magnolias",
    "Direccion": "Av. Las Magnolias Mz. 25 Lt. 2a Nuevo Porvenir, El Porvenir - Trujillo - La Libertad, Ref. A Una Cdra. Del Poder Judicial Cisaj Sede El Porvenir"
  },
  {
    "Agencia": "La Libertad / Trujillo / El Porvenir / Jr. Cahuide",
    "Direccion": "Jr. Cahuide N° 342 Aa.hh La Merced - El Porvenir - Trujillo - La Libertad, Ref. A Una Cdra. Del Arco Del Porvenir / A Una Cdra. De La Parroquia El Buen Pastor"
  },
  {
    "Agencia": "La Libertad / Trujillo / Huanchaco / Av. Panamericana Norte Co - Huanchaco",
    "Direccion": "Carretera Via De Evitamiento 576.2 Huanchaquito Alto - Trujillo - La Libertad, Ref. A 1 Cdra. De Ovalo Huanchaco / Al Costado De Condominio Las Brisas"
  },
  {
    "Agencia": "La Libertad / Trujillo / La Esperanza / Av Tahuantinsuyo",
    "Direccion": "Av. Tahuantinsuyo 1167 - La Esperanza - Trujillo. Referencia: 3er Paradero - Una Cuadra Antes De Llegar Al Puente La Cruz"
  },
  {
    "Agencia": "La Libertad / Trujillo / La Esperanza / Wichanzao",
    "Direccion": "Av. Jose Gabriel Condorcanqui Mz. 28 Lt. 43 - Winchazao, Referencia: Frente A Senati"
  },
  {
    "Agencia": "La Libertad / Trujillo / Moche / Moche",
    "Direccion": "Av. La Marina Lote 25 - B – Moche – Trujillo - La Libertad, Ref. A Media Cdra De La Comisaría De Moche"
  },
  {
    "Agencia": "La Libertad / Trujillo / Trujillo / Atahualpa",
    "Direccion": "Calle Atahualpa 481 – Trujillo – La Libertad, Ref. A 1/2 Cdra De La Av Los Incas"
  },
  {
    "Agencia": "La Libertad / Trujillo / Trujillo / Av Hnos Uceda - America Norte",
    "Direccion": "Av. Hermanos Uceda Meza N° 269 Urb Miraflores Ii Etapa - trujillo - Trujillo - La Libertad, Ref. A Una Cdra. De Av. America Norte. / Entre Av. Miraflores Y Av. Salvador Lara"
  },
  {
    "Agencia": "La Libertad / Trujillo / Trujillo / Calle Liverpool",
    "Direccion": "Calle Liverpool N° 329 / Urb. Santa Isabel - Trujillo. Referencia : A Una Cuadra Antes De La Iglesia De Mansiche"
  },
  {
    "Agencia": "La Libertad / Trujillo / Trujillo / Calle Santa Cruz - America Sur",
    "Direccion": "Calle Santa Cruz n° 389 Chicago - Trujillo - La Libertad, Ref. A Media Cdra. De La Av. America Sur/a Media Cuadra Del Estadio Chan Chan."
  },
  {
    "Agencia": "La Libertad / Trujillo / Trujillo / Trujillo La Perla",
    "Direccion": "Av. La Perla Mz. E Lote 05 Urb. Ingenieria – Trujillo – La Libertad, Ref. A 1 Cdra. Del Colegio Bruning"
  },
  {
    "Agencia": "La Libertad / Trujillo / Victor Larco Herrera / Av Larco",
    "Direccion": "Av. Larco 865, Trujillo - Trujillo - La Libertad, Ref. Mz X Lt 28 Cui San Andres V Etapa Tercer Sector Y Frente Al Colegio Jesus Maria"
  },
  {
    "Agencia": "La Libertad / Viru / Chao / Chao",
    "Direccion": "Av. Victor Raul Haya De La Torre 575 Chao - Viru, Ref. A Media Cdra. De La Comisaría De Chao"
  },
  {
    "Agencia": "La Libertad / Viru / Viru / Puente Viru",
    "Direccion": "Panamericana Norte N° 933 Puente Virú - Virú - La Libertad, Ref. A Media Cdra. Del Grifo Zona Etna/media Cdra. Del Semaforo Zona Etna"
  },
  {
    "Agencia": "La Libertad / Viru / Viru / Viru Centro",
    "Direccion": "Calle Puno N° 125 - Mz. 32 Lt. 7a - Virú - La Libertad, Ref. A Media Cdra. Del Cruce De La Av. Viru Con La Calle Jorge Chavez / a Media Cdra. De La Plazuela Maria Parado De Bellido"
  },
  {
    "Agencia": "Lambayeque / Chiclayo / Chiclayo / Mariscal Nieto",
    "Direccion": "Calle Mariscal Nieto N° 390, Referencia: Entre Mariscal Nieto Y Miguel Grau"
  },
  {
    "Agencia": "Lambayeque / Chiclayo / Chiclayo / Miraflores Chiclayo",
    "Direccion": "Av. Panamericana 975 Pp Jj Luis Alberto Sanchez, Chiclayo - Chiclayo - Lambayeque, Ref. A Media Cdra. Del Ovalo Señor De Sipan / Al Frente De Derco Center"
  },
  {
    "Agencia": "Lambayeque / Chiclayo / Jose Leonardo Ortiz / Av Balta Cdra. 36",
    "Direccion": "Av. Jose Balta N° 3653 C.p.m. Primero De Mayo Jose Leonardo Ortiz -chiclayo -lambayeque, Ref. Entre La Av. Balta Y Néstor Barsallo / a 2 Cuadras De La Av. Chiclayo"
  },
  {
    "Agencia": "Lambayeque / Chiclayo / Jose Leonardo Ortiz / Calle Tahuantinsuyo",
    "Direccion": "Calle Tahuantinsuyo N° 941, Referencia: Entre La Cdra. 2 De Av. América Y La Calle Tahuantinsuyo, A Media Cdra. De La Iglesia Los Mormones"
  },
  {
    "Agencia": "Lambayeque / Chiclayo / La Victoria / Chiclayo Co",
    "Direccion": "Av. Víctor Raul Haya De La Torre 2470 La Victoria - Chiclayo Referencia : Entre La Via Evitamiento Y Panamericana"
  },
  {
    "Agencia": "Lambayeque / Chiclayo / Monsefu / Monsefu",
    "Direccion": "av. Venezuela N° 221, Monsefú - Chiclayo - Lambayeque, Ref. Ref 01: A Media Cdra. De La Calle Diego Ferre Y A Cdra. Y Media Del Parque Artesanal De Monsefú"
  },
  {
    "Agencia": "Lambayeque / Chiclayo / Pimentel / Pimentel",
    "Direccion": "Calle Miguel Grau Mz B Lote 3 - pimentel - chiclayo - Lambayeque, Ref. Al Costado De La Comisaria De Pimentel"
  },
  {
    "Agencia": "Lambayeque / Chiclayo / Tuman / Tuman",
    "Direccion": "Av. El Progreso N° 52 - Sector Santa Rosa, Referencia: Entre La Av. El Progreso Y 1° De Mayo, Frente A La Canchita De Grass Sintético"
  },
  {
    "Agencia": "Lambayeque / Ferrenafe / Ferrenafe / Ferreñafe",
    "Direccion": "Av. Andrés A. Cáceres N°550a, Referencia: Al Costado Del Grifo Primax"
  },
  {
    "Agencia": "Lambayeque / Lambayeque / Jayanca / Jayanca",
    "Direccion": "Calle Diego Ferre N°1321 - jayanca - Lambayeque, Ref. Al Frente Del Centro De Salud De Jayanca / A Media Cdra. Del Grifo Asia"
  },
  {
    "Agencia": "Lambayeque / Lambayeque / Lambayeque / Ctra Panamericana Norte",
    "Direccion": "Calle Paraguay Mz. D Lt 2a Unidad Vecinal Indoamérica - lambayeque, ref. Al Costado De La Fábrica De Kinkones Bruning / A 01 Cuadra Del Puente Lambayeque"
  },
  {
    "Agencia": "Lambayeque / Lambayeque / Morrope / Morrope",
    "Direccion": "Calle Tahuantinsuyo N° 821, Morrope - Lambayeque, Ref. Frente Al Parque Infantil De Morrope"
  },
  {
    "Agencia": "Lambayeque / Lambayeque / Motupe / Motupe",
    "Direccion": "Calle Los Pinos N°116 - Lotizacion La Primavera Referencia : A Media Cuadra De La Panamericana Carretera Fernando Belaunde Terry"
  },
  {
    "Agencia": "Lambayeque / Lambayeque / Olmos / Olmos",
    "Direccion": "Av. Augusto B. Leguía Mz. 87 Lt. 32 - olmos - Lambayeque, Ref. Al Frente De La Comisaria De Olmos."
  },
  {
    "Agencia": "Lambayeque / Lambayeque / Tucume / Tucume",
    "Direccion": "Av. Federico Villarreal N° 982 (ctra. Fernando Belaunde Terry), Referencia: A Media Cdra. Del Cementerio Jardines De La Paz"
  },
  {
    "Agencia": "Lima / Barranca / Barranca / Barranca",
    "Direccion": "Urb. Las Vegas - Mz. C, Lt. 22 - Barranca, Referencia: A Espaldas Del Fe Y Alegría N°35 En La Urbanización Techo Propio"
  },
  {
    "Agencia": "Lima / Barranca / Paramonga / Paramonga",
    "Direccion": "Av. Central N° 305 Mz. N1 Lt. 17, Ref. Urb. Miguel Grau"
  },
  {
    "Agencia": "Lima / Cañete / Chilca / Chilca",
    "Direccion": "Av Nicolás De Pierola 462, Una Cuadra Antes De La Municipalidad"
  },
  {
    "Agencia": "Lima / Cañete / Imperial / Cañete Imperial",
    "Direccion": "Av. La Mar N°610 Imperial – Cañete, Cruce Con Av. Manco Capac"
  },
  {
    "Agencia": "Lima / Cañete / Mala / Mala",
    "Direccion": "Av. Marchand # 250, Distrito De Mala . Referencia: A Unas Casas Frente A La Distribuidora Primax Gas"
  },
  {
    "Agencia": "Lima / Cañete / San Vicente De Canet / Cañete San Vicente",
    "Direccion": "Aa.hh. Víctor Andrés Belaunde Mz. B Lt. 12, San Vicente De Cañete - Cañete - Lima"
  },
  {
    "Agencia": "Lima / Huaral / Chancay / Chancay",
    "Direccion": "Prolongación San Martín N°403 Chancay - Referencia: A Una Cdra. De La Av. Panamericana Norte"
  },
  {
    "Agencia": "Lima / Huaral / Huaral / Huaral",
    "Direccion": "Av. Jorge Chavez 647, Referencia: Entre La Av. Grau Y Bolognesi (cerca Al Paradero Moto Naturales)"
  },
  {
    "Agencia": "Lima / Huarochiri / San Antonio / Jicamarca",
    "Direccion": "Av. Sinchi Roca Mz. P Lt. 16a P Lote 16a, Aahh Las Praderas De Jicamarca – Sector El Cercado – Anexo 22 Jicamarca – Huarochiri, Ref. Cerca Al Arco Porton De Jicamarca"
  },
  {
    "Agencia": "Lima / Huaura / Huacho / Huacho Av Indacochea",
    "Direccion": "Av. Mercedes Indacochea 1276 Huacho - Huaura - Lima, Ref. Intersección Con Pedro Ruiz Gallo, A 2 Cdras. De La Universidad Nacional José Faustino Sánchez Carrión"
  },
  {
    "Agencia": "Lima / Huaura / Huacho / Salaverry Huacho Co",
    "Direccion": "Prolongación Salaverry N° 764 Huacho - Referencia : Cruce Con La Av La Paz"
  },
  {
    "Agencia": "Lima / Huaura / Huaura / Huaura",
    "Direccion": "Av. Las Malvinas Mz. C Lote 16 Urb. El Rosario Sur Huaura, Ref. A Espaldas De La Plaza De Armas, A 1 Cdra. De La Calle Los Alamos"
  },
  {
    "Agencia": "Lima / Huaura / Sayan / Sayan",
    "Direccion": "Calle Naranjo N° 211.sayan - Huaura - Lima, Ref. A Media Cdra. De La Plaza De Armas Y De La Municipalidad"
  },
  {
    "Agencia": "Lima / Lima / Ancon / Ancón Santa Rosa",
    "Direccion": "Mz. L 23 Urb. Coovitiomar, Ancon - Santa Rosa - Lima, Ref. Cruce De Ingreso A Santa Rosa Y/o Al Costado De Imagen De Santa Rosa"
  },
  {
    "Agencia": "Lima / Lima / Ate-vitarte / Av El Sol",
    "Direccion": "Av. El Sol Mz. S Lt. 2 Zona 03 - Asoc. Parque Industrial El Asesor, Sector 010 Zona 03 - Ate, Ref. A Una Cuadra Y Media De La Carretera Central"
  },
  {
    "Agencia": "Lima / Lima / Ate-vitarte / Av Esperanza",
    "Direccion": "Av. Esperanza Mz. R Lt. 7 Las Américas - Ate Vitarte, Ref. Frente A La Pastelería Dominick"
  },
  {
    "Agencia": "Lima / Lima / Ate-vitarte / Av Marco Puente",
    "Direccion": "Av. Marco Puente Llanos 309, Mz. A, Lt. 03"
  },
  {
    "Agencia": "Lima / Lima / Ate-vitarte / Huaycan Av Jose Carlos Mariategui",
    "Direccion": "Av. José Carlos Mariátegui Z. E Lt. 23 Ucv 5 (zona Comercio) - Pueblo Joven \"proyecto Especial Huaycán\" Ate Vitarte - Lima, Ref. A Dos Cdras. Del Cruce Con Av. 15 De Julio"
  },
  {
    "Agencia": "Lima / Lima / Ate-vitarte / Huaycan Entrada",
    "Direccion": "Carretera Central Km 17 Mz. E Lt. 1, Ref. Entrada De Huaycan Al Costado Del Grifo Primax. Ex Grifo El Negro."
  },
  {
    "Agencia": "Lima / Lima / Ate-vitarte / Los Sauces",
    "Direccion": "Av. Santa Rosa N°773 Manzana “a” Lote 6 Urb Los Sauces - Ate - Referencia: Cruce Con La Av Separadora Industrial"
  },
  {
    "Agencia": "Lima / Lima / Ate-vitarte / Puente Santa Anita",
    "Direccion": "Av. Nicolás Ayllón N° 3080 - Ate Vitarte"
  },
  {
    "Agencia": "Lima / Lima / Ate-vitarte / Santa Clara",
    "Direccion": "Av. Pedro Ruíz Gallo Mz. H Lt. 3. Asoc. Viv. Villa San Luis, Santa Clara - Ate Vitarte - Limaref: Entre El Real Plaza Y La Utp Santa Clara"
  },
  {
    "Agencia": "Lima / Lima / Brena / Av Venezuela",
    "Direccion": "Av. Venezuela 1670 - Breña, Referencia: Al Costado Del Policlínico De Breña"
  },
  {
    "Agencia": "Lima / Lima / Brena / Jr. Huaraz - Breña",
    "Direccion": "Jr. Huaraz 1633, Breña -lima, Ref. En Medio Del Cruce De Jr. Gral Orbegoso Y Jr. Centenario Con Jr. Huaraz"
  },
  {
    "Agencia": "Lima / Lima / Carabayllo / Av Jose Saco Rojas",
    "Direccion": "Av. José Saco Rojas Mz. A Lt. 15 Programa De Vivienda El Pino, San Antonio - Carabayllo, Ref. Frente Al Chifa Hong Fu Y A 3 Cuadras Del Gran Mercado El Pino"
  },
  {
    "Agencia": "Lima / Lima / Carabayllo / Av Tupac Amaru Cdra. 34",
    "Direccion": "Av. Tupac Amaru 3493 – P.j. El Progreso (parte Baja) Mz. K Lt. 11b Zona Ii, carabayllo - Lima, Ref. A Una Cdra. Del Cruce Con La Av. Manuel Prado"
  },
  {
    "Agencia": "Lima / Lima / Carabayllo / Av Tupac Amaru Km. 19",
    "Direccion": "Mz. 1a - Lt. 8 Av. Tupac Amaru N° 10472, Carabayllo - Lima, Ref. Al Costado Del Colegio Ciro Alegría"
  },
  {
    "Agencia": "Lima / Lima / Carabayllo / Av. Tupac Amaru Km. 23.5",
    "Direccion": "Av. Túpac Amaru Km. 23.5 - Carabayllo, Ref. Frente A La Iglesia De Mormones - A Una Cdra. Del Último Paradero Del Rápido"
  },
  {
    "Agencia": "Lima / Lima / Carabayllo / Carabayllo Establo",
    "Direccion": "Av. Tupac Amaru N? 441 - 443, Mz. O2 Lt. 35, Referencia: Paradero Establo, A Una Cuadra De La Urb. Santa Isabel"
  },
  {
    "Agencia": "Lima / Lima / Carabayllo / Santo Domingo",
    "Direccion": "Av. A Mz. l2 Lt. 20 Urb. Santo domingo – vi etapa Carabayllo - Lima, Ref. En El Cruce De Las Av. Chillon Trapiche Y av. Camino Real"
  },
  {
    "Agencia": "Lima / Lima / Carabayllo / Tungasuca",
    "Direccion": "Av. Trapiche Mz. P Lt. 48, Urb. Tungasuca Referencia: Aux. Av. Chimpu Ocllo Con Aux. Chillón Trapiche, A 1 Cuadra Del Mercado Qatuna"
  },
  {
    "Agencia": "Lima / Lima / Cercado Lima / Lima Av Tingo María",
    "Direccion": "Av. Tingo María N°1252-a - Cercado De Lima - Lima, Ref. A Media Cdra. Del Cruce Con Jr. Gral. Orbegoso"
  },
  {
    "Agencia": "Lima / Lima / Cercado Lima / Malvinas - Jr. Garcia Villón",
    "Direccion": "Jr. Presbítero García Villon Nro. 560 Cercado Lima - Lima, Ref. A La Altura De La Cdra. 5 De Av. Oscar R. Benavides (ex Av. Colonial), En Medio De Las Av. Guillermo Dansey Y Av. Oscar R. Benavides (ex Colonial)"
  },
  {
    "Agencia": "Lima / Lima / Cercado Lima / Malvinas - Jr. Ricardo Treneman",
    "Direccion": "Jr. Ricardo Treneman N° 920, Referencia: Dentro Del Local Farenet"
  },
  {
    "Agencia": "Lima / Lima / Chorrillos / Chorrillos",
    "Direccion": "Av. Santa Anita N°611 - Urb. Villa Marina, Referencia: A Una Cdra. De La Entrada A San Genaro"
  },
  {
    "Agencia": "Lima / Lima / Chorrillos / Chorrillos Los Faisanes",
    "Direccion": "Av. Los Faisanes 420, Referencia: Al Costado De La Tienda John Holden"
  },
  {
    "Agencia": "Lima / Lima / Chorrillos / Las Delicias De Villa",
    "Direccion": "Av. 12 De Octubre Mz. A - 03, Lt. 02, Urb. Aria - Las Delicias De Villa, Ref. A Dos Cuadras De La Av. Defensores Del Morro (ex Av. Huaylas)"
  },
  {
    "Agencia": "Lima / Lima / Cieneguilla / Cieneguilla Km. 14.5",
    "Direccion": "Av. Arterial Huarochiri d Mz. B Lt. 19, Asoc. De Viviendas Las Cumbres De Cieneguilla, Lima, Ref. Al Costado De La Tienda Mass"
  },
  {
    "Agencia": "Lima / Lima / Comas / Año Nuevo",
    "Direccion": "Av. Tupac Amaru 4931 - 4937 - Pj. Año Nuevo - Comas Referencia: Al Costado De La Farmacia Tu Bienestar"
  },
  {
    "Agencia": "Lima / Lima / Comas / Av. Trapiche",
    "Direccion": "Av. Trapiche 886 A 16 2p 2 - Urb. Pinar, Referencia: Frente Al Complejo Deportivo Walon"
  },
  {
    "Agencia": "Lima / Lima / Comas / Av. Universitaria",
    "Direccion": "Av. Universitaria N° 7241, Referencia: Ex Boulevard De Retablo / A 2 Cdras Del Metro De Belaunde"
  },
  {
    "Agencia": "Lima / Lima / El Agustino / El Agustino",
    "Direccion": "Av 1° De Mayo 3071 - Urb Huancayo Referencia : Frente Al Grifo Repsol"
  },
  {
    "Agencia": "Lima / Lima / Independencia / La Cincuenta",
    "Direccion": "Av. Tupac Amaru N° 4708 - 4710, Ref. A Una Cdra. Del Paradero Estación Naranjal"
  },
  {
    "Agencia": "Lima / Lima / Independencia / Plaza Norte Entregas",
    "Direccion": "Av. Gerardo Unger Nro. 6917 Int. Lb 19"
  },
  {
    "Agencia": "Lima / Lima / Independencia / Plaza Norte S. Express",
    "Direccion": "Av. Gerardo Unger Nro. 6917 Int. Lb 19"
  },
  {
    "Agencia": "Lima / Lima / Jesus Maria / Jesus Maria",
    "Direccion": "Av. Mariscal Luzuriaga 584-586 Jesús María - Lima, Ref. A Cuadra Y Media Del Parque San José, Paralelo A La Av. Mello Franco"
  },
  {
    "Agencia": "Lima / Lima / La Molina / Av Flora Tristan",
    "Direccion": "Av. Flora Tristán N° 885, urb. Santa Patricia Iii Etapa, La Molina - Lima, Ref. a Media Cdra. De Molisalud"
  },
  {
    "Agencia": "Lima / Lima / La Molina / Av La Fontana",
    "Direccion": "Av La Fontana 440 - La Molina (cc La Rotonda Ii Local 1018)"
  },
  {
    "Agencia": "Lima / Lima / La Molina / Av. La Molina Cdra. 35",
    "Direccion": "Av. La Molina (ex av. La Universidad) #3551 Tda -7 Mz. H Sublote 1c, Urb. El Sol De La Molina I Etapa La Molina - Lima, Ref. A Media Cdra. Del Cruce Con Av. El Sol"
  },
  {
    "Agencia": "Lima / Lima / La Molina / Los Fresnos",
    "Direccion": "Av. Los Fresnos 1305 Tienda 2 - Urb. Portada Del Sol I Etapa - La Molina - Lima, Ref. A 3 Cdras. Del Óvalo De Los Cóndores"
  },
  {
    "Agencia": "Lima / Lima / La Victoria / Av Mexico Co",
    "Direccion": "Av. Mexico 1125, La Victoria - Lima"
  },
  {
    "Agencia": "Lima / Lima / La Victoria / Av. Canada",
    "Direccion": "Av. Canadá 1603, Referencia: Entre Av. Canadá Con Av. Aviación"
  },
  {
    "Agencia": "Lima / Lima / La Victoria / Jr. Luna Pizarro",
    "Direccion": "Jr. Luna Pizarro N° 701 - La Victoria, Referencia: Esquina Hipólito Unanue"
  },
  {
    "Agencia": "Lima / Lima / La Victoria / Jr. Raymondi",
    "Direccion": "Jr. Antonio Raymondi Nro. 113"
  },
  {
    "Agencia": "Lima / Lima / Lince / Av Jose Leal Cdra 6",
    "Direccion": "Av. Coronel José Leal 648, Urb. Fundo Lobatón, Lince - Lince, Ref. Paralela A La Cdra. 6 De La Av. Canevaro"
  },
  {
    "Agencia": "Lima / Lima / Lince / Jr Casanova Con Petit Thouars",
    "Direccion": "Jr. domingo casanova N°318 Lince - Lima, Ref. Cruce Con Petit Thouars"
  },
  {
    "Agencia": "Lima / Lima / Los Olivos / Av Huandoy Con Av Central",
    "Direccion": "Av. Huandoy Mza. 72 Lte. 54 P.j. P.m.v. “confraternidad” - Aahh. Enrique Milla Ochoa Los Olivos - Lima, Ref. A Una Cdra. Del Cruce Con Av. Central"
  },
  {
    "Agencia": "Lima / Lima / Los Olivos / Av Huandoy Con Marañon",
    "Direccion": "Av. Próceres, Mz. 3, Lt. 23 A.h. Laura Caller - Los Olivos, Referencia: Cruce Entre Av. Huandoy Y Marañón"
  },
  {
    "Agencia": "Lima / Lima / Los Olivos / Av. Angelica Gamarra",
    "Direccion": "Av. Angelica Gamarra De Leon Valverde N° 621 Urb El Trebol, Los Olivos - Lima, Ref. A La Altura Del Kfc / Cruce Con Av. Alfa"
  },
  {
    "Agencia": "Lima / Lima / Los Olivos / Av. Carlos Izaguirre Cdra. 14",
    "Direccion": "Calle David Alva Manzana H Lote 4 Urb. Cajabamba Los Olivos - Lima, Ref. Entre La Av. Carlos Izaguirre Con La Av. Universitaria (frente Al Colegio Pamer)"
  },
  {
    "Agencia": "Lima / Lima / Los Olivos / Av. Dos De Octubre",
    "Direccion": "Av. 2 De Octubre Mz. H Lt. 2 - Los Olivos - Pro, Ref. Av. 2 De Octubre Con Av. Canta Callao, Al Costado Del Centro De Salud Pro"
  },
  {
    "Agencia": "Lima / Lima / Los Olivos / Av. Las Palmeras",
    "Direccion": "Av. Las Palmeras N° 5236 Urb. Villa Norte - Los Olivos"
  },
  {
    "Agencia": "Lima / Lima / Los Olivos / Av. Los Platinos",
    "Direccion": "Av. Los Platinos N°. 259, Mz. A - Lt. 17, Urb. Lotización Industrial Infantas Los Olivos - Lima, Ref. A Dos Cdras. Y Media De La Av. Alfredo Mendiola Y/o Panamericana Norte (altura Del Paradero Caseta)"
  },
  {
    "Agencia": "Lima / Lima / Los Olivos / Pro",
    "Direccion": "Av. Los Próceres Mz. Pp2 Lt.21, Urb. Puertas De Pro - Los Olivos"
  },
  {
    "Agencia": "Lima / Lima / Lurigancho / Santa María De Huachipa",
    "Direccion": "Av. Circunvalación Mz. A Lt. 1 - D C - P Santa María De Huachipa - Lurigancho - Chosica, Ref. Entre La Av. Circunvalación Y La Av. Huachipa"
  },
  {
    "Agencia": "Lima / Lima / Lurigancho(chosica) / Chosica",
    "Direccion": "El Sol 124 (parque Echenique) Lurigancho - Chosica"
  },
  {
    "Agencia": "Lima / Lima / Lurin / Nuevo Lurin",
    "Direccion": "Av. Antigua Panamericana Sur Km 37 Mz C Lt 17 - Fundo Las Salinas - Referencia A Cuadra Y Media Del Mercado Virgen De Las Mercedes."
  },
  {
    "Agencia": "Lima / Lima / Lurin / Puente Lurin",
    "Direccion": "Antigua Panamericana Sur, lote 2, Mz. B, Primer Piso Lurín - Lima, Ref. A Cdra. Y Media Del Cruce Con Av. Santa Cruz"
  },
  {
    "Agencia": "Lima / Lima / Magdalena Del Mar / Magdalena Del Mar",
    "Direccion": "Jr. Ayacucho N° 756, Referencia: A Una Cdra. Del Mercado Modelo De Magdalesy A 3 Cdras. De La Iglesia Cúpula De Sucre"
  },
  {
    "Agencia": "Lima / Lima / Pachacamac / La Curva De Manchay",
    "Direccion": "Av. Prolongación De La Av. La Molina Mz. E Lote 21. Ah Paul Poblet Lind, Pachacamac - Lima, Ref. A Media Cdra. De Mi Banco"
  },
  {
    "Agencia": "Lima / Lima / Pueblo Libre / Av Bolivar",
    "Direccion": "Av. Bolivar 1097, Pueblo Libre - Lima, Ref. A Media Cdra. Del Cruce av. Gral. José maría Egusquiza"
  },
  {
    "Agencia": "Lima / Lima / Pueblo Libre / Av. La Marina",
    "Direccion": "Av. La Marina 1640 - Referencia : A Una Cuadra Del Centro Comercial Plaza San Miguel"
  },
  {
    "Agencia": "Lima / Lima / Puente Piedra / Av. San Lorenzo",
    "Direccion": "Av. San Lorenzo mz C Lt 20 - adp Virgen De Copacabana, Puente Piedra - Lima. Ref, A Media Cuadra Del Parque Virgen De Copacabana"
  },
  {
    "Agencia": "Lima / Lima / Puente Piedra / Ovalo Puente Piedra",
    "Direccion": "Av. Miguel Grau mz. A Lt. 07 Y 08 Urb. San Martin De Porres, Cercado Puente Piedra - Lima, Ref. Espaldas De Tottus De Puente Piedra"
  },
  {
    "Agencia": "Lima / Lima / Puente Piedra / Puente Arica",
    "Direccion": "Panamericana Norte Km 32.5 , A 1/2 Cuadra Del Puente Arica - Al Costado Del Grifo Repsol"
  },
  {
    "Agencia": "Lima / Lima / Puente Piedra / Zapallal",
    "Direccion": "Av. Ancón 678, Ref. A La Espalda Del Precio Uno De Fundicion"
  },
  {
    "Agencia": "Lima / Lima / Rimac / Rimac Av. Amancaes",
    "Direccion": "Av. Amancaes Nro. 644 Urb. Ciudad Y Campo - Rimac"
  },
  {
    "Agencia": "Lima / Lima / Rimac / Rimac Guardia Republicana Cdra. 9",
    "Direccion": "Sección Inmobiliaria N°2 – Primer Piso Lt. 11 De La Mz. 2, Urb. Villacampa Rimac, Ref. A Una Cdra. Del Cruce Con Av. Felipe Arancibia"
  },
  {
    "Agencia": "Lima / Lima / San Borja / Av. Angamos",
    "Direccion": "Av. Angamos Este 2521 (ex Av. Primavera) - Conjunto Habitacional Limatambo - San Borja. Ref. Cerca Al Cruce De Av. Angamos Este Con Av. Principal"
  },
  {
    "Agencia": "Lima / Lima / San Borja / Aviacion 2819",
    "Direccion": "Av. Aviación 2819, Urb. San Borja Sur, Referencia: Al Frente De Bembos"
  },
  {
    "Agencia": "Lima / Lima / San Juan De Lurigancho / Av Santa Rosa Urb Los Alamos",
    "Direccion": "Av. Santa Rosa Mz. D1 Lote 1 Urb. Los Alamos 2da Etapa - Referencia Altura De La Cuadra 13 Del Paradero Canto Grande"
  },
  {
    "Agencia": "Lima / Lima / San Juan De Lurigancho / Av. 13 De Enero",
    "Direccion": "Av. 13 De Enero Nº2057, Urb. San Hilarión, Referencia: Cerca A La Estación Los Postes"
  },
  {
    "Agencia": "Lima / Lima / San Juan De Lurigancho / Av. Central",
    "Direccion": "Av. Central Mz R9 Lote 3 Programa Ciudad Mrcal. Caceres, Sector Ii, Barrio 3, Grupo Residencial R - San Juan De Lurigancho, Ref. En Medio Del Cruce Con Las Av. El Muro Y Ampliacion Este"
  },
  {
    "Agencia": "Lima / Lima / San Juan De Lurigancho / Av. Del Mercado",
    "Direccion": "Programa Ciudad Mrcal. Caceres, Sector Iii Mz. Q8 Lt. 11 San Juan De Lurigancho - Lima, Ref. A Media Cdra. Del Cruce De Av. Del Mercado Con Av. Ampliacion Oeste"
  },
  {
    "Agencia": "Lima / Lima / San Juan De Lurigancho / Av. Santa Rosa Cruce Av. El Sol",
    "Direccion": "Av. Santa Rosa De Lima Mz. D Lt. 4 - Aahh 2 De Setiembre - San Juan De Lurigancho, Ref. A Tres Cdras. Del Cruce Con Av. El Sol"
  },
  {
    "Agencia": "Lima / Lima / San Juan De Lurigancho / Bayovar",
    "Direccion": "Av. Fernando Wiesse Mz. E8. Lote 38b, Mariscal Cáceres Bayovar - San Juan De Lurigancho - Lima, Ref. Auxiliar Próceres De La Independencia, Al Frente De La Universidad San Marcos – Agroindustrial"
  },
  {
    "Agencia": "Lima / Lima / San Juan De Lurigancho / Campoy",
    "Direccion": "Av. Malecón Checa Mz. B Lt. 7, Urb. Campoy, San Juan De Lurigancho, Ref. A 1 Cdra. Del Cruce De Av. Malecón Checa Con Av. San Martín"
  },
  {
    "Agencia": "Lima / Lima / San Juan De Lurigancho / Canto Grande",
    "Direccion": "Calle San Martin Con Av. Comercial Norte 189 - San Juan De Lurigancho, Ref. A 1/2 Cuadra De La Av 6 De Canto Grande - Al Costado Del Play Park (parque Bolognesi)"
  },
  {
    "Agencia": "Lima / Lima / San Juan De Lurigancho / Cruz de Motupe",
    "Direccion": "Av. Fernando Wiesse Mz. Q Lote 1 Aa.hh. Cruz De Motupe"
  },
  {
    "Agencia": "Lima / Lima / San Juan De Lurigancho / Jr Chinchaysuyo Cdra 4",
    "Direccion": "Jr. Chinchaysuyo 468 Zarate, San Juan De Lurigancho - Lima, Ref. A 1 Cdra. De Tiendas 3 A"
  },
  {
    "Agencia": "Lima / Lima / San Juan De Lurigancho / Los Pinos",
    "Direccion": "Mz. B1 Lt. 25 Urbanización Los Pinos San Juan De Lurigancho, Ref. Av. Fernando Wiesse - Cerca A La Estación San Martín"
  },
  {
    "Agencia": "Lima / Lima / San Juan De Lurigancho / Sjl- Las Flores",
    "Direccion": "Av. Canto Grande N°. 2570 - Urb. Ganimedes, Referencia: A 3 Cdras. De Plaza Vea"
  },
  {
    "Agencia": "Lima / Lima / San Juan De Lurigancho / Sjl-av.proceres",
    "Direccion": "Av. Próceres De La Independencia Nro. 1295 - 1299 Referencia: Al Costado Del Banco De La Nación De Av. Los Tusilagos Oeste"
  },
  {
    "Agencia": "Lima / Lima / San Juan De Miraflores / Atocongo",
    "Direccion": "Av. De Los Héroes N° 228 - San Juan De Miraflores - (estación Atocongo)"
  },
  {
    "Agencia": "Lima / Lima / San Juan De Miraflores / Av Solidaridad Pamplona Alta",
    "Direccion": "Av. Solidaridad Mz H2 -lote 51 Sector Miguel Grau San Juan De Miraflores, Ref. A 2 Cuadras Del Centro De Salud Villa San Luis Al Costado Del Colegio Sor Maria De Los Ángeles"
  },
  {
    "Agencia": "Lima / Lima / San Juan De Miraflores / Av. Canevaro",
    "Direccion": "Av. Canevaro 336 - A, Ref. A 2 Cuadras De La Av. Vargas Machuga Y A Una Cuadra De La Fiscalía Provincial Penal De S.j.m."
  },
  {
    "Agencia": "Lima / Lima / San Juan De Miraflores / Maria Auxiliadora",
    "Direccion": "Av. Los Héroes 1140 - Sjm, Referencia: Una Cdra. Antes Del Hospital María Auxiliadora"
  },
  {
    "Agencia": "Lima / Lima / San Martin De Porres / Av Jose Granda Cdra 38",
    "Direccion": "Av. José Granda 3826 De La Urb. Condevilla Señor Y Valdivieso Mz. M7 Lt 20, 2 Etapa, 2 Sector - S.m.p. , Ref. Entre Av. Condevilla Y Av. Los Próceres"
  },
  {
    "Agencia": "Lima / Lima / San Martin De Porres / Av Jose Granda Cdra. 25",
    "Direccion": "Av. Jose Granda 2546 - San Martin De Porres -lima - Lima, Ref. A Una Cdra. Del Óvalo Jose Granda Y Av. Universitaria"
  },
  {
    "Agencia": "Lima / Lima / San Martin De Porres / Av. Canta Callao Con Alisos",
    "Direccion": "Av. Canta Callao, Mz. A Lt. 3 Urb. Arizona - 2da Etapa"
  },
  {
    "Agencia": "Lima / Lima / San Martin De Porres / Av. Canta Callao Con Izaguirre",
    "Direccion": "Av. Canta Callao Mz. A Lt. 3 Asoc. Brisas Santa Rosa 1ra Etapa, Ref. A Media Cdra. Del Colegio Amistad y/o A Cuatro Cdras. De La av. Carlos Izaguirre"
  },
  {
    "Agencia": "Lima / Lima / San Martin De Porres / Av. Carlos Izaguirre Cuadra 23",
    "Direccion": "Av. Carlos Izaguirre Sub Lt. 8, Mz. C - Asoc. De Viv. Los Nisperos, Referencia: Entre Av. 12 De Octubre Y Av. Santa Rosa"
  },
  {
    "Agencia": "Lima / Lima / San Martin De Porres / Av. Dominicos Cdra 14",
    "Direccion": "Av. Los Dominicos 1460 - Urb. Los Cipreses Mz. Z Lt. 4 - San Martín De Porres, Ref. A Una Cdra. Del Cruce Con Av. Santa Rosa Al Lado Del Mercado Los Cipreses"
  },
  {
    "Agencia": "Lima / Lima / San Martin De Porres / Av. Gerardo Unger Cdra 64",
    "Direccion": "Av. Gerardo Unger 6475, Urb. Santa Luisa, 1ra Etapa, S.m.p., Ref. Esquina Con Av. 22 De Agosto, Límite Con Comas / A Una Cdra. Y Media De La Comisaria Santa Luzmila"
  },
  {
    "Agencia": "Lima / Lima / San Martin De Porres / Av. Lima Cdra 38",
    "Direccion": "Av. Lima 3899 - Smp, Ref. A 3 Cdras. Del Tottus De Quilca Con Av. Lima"
  },
  {
    "Agencia": "Lima / Lima / San Martin De Porres / Av. Peru 15",
    "Direccion": "Av. Perú 1589, San Martin De Porres - Lima. Referencia: A Dos Cuadras Del Cruce Con La Av. Canadá."
  },
  {
    "Agencia": "Lima / Lima / San Martin De Porres / Av. Universitaria Cdra. 16",
    "Direccion": "Av. Universitaria 1619 - urb. Maria Gracia De Antares Mz. B lt. 25 – San Martin De Porres - Lima, Ref. Frente Al Plaza Vea De Universitaria Con Tomas Valle"
  },
  {
    "Agencia": "Lima / Lima / San Martin De Porres / Fiori",
    "Direccion": "Av. Miguel Angel Nro 177 - 183"
  },
  {
    "Agencia": "Lima / Lima / San Martin De Porres / Germán Aguirre",
    "Direccion": "Av. German Aguirre Ugarte 649 Urb. San German - San Martin De Porres, Ref. A La Altura De La Cuadra 6 De La Av. German Aguirre Y A 3 Cuadras De Av. Tomas Valle"
  },
  {
    "Agencia": "Lima / Lima / San Martin De Porres / Smp-av. Proceres",
    "Direccion": "Av. Próceres N° 588 Urb. Covicem, Ref. A 2 Cdras. De Tomás Valle"
  },
  {
    "Agencia": "Lima / Lima / Santa Anita / Av Huarochiri Envios",
    "Direccion": "Av. Huarochiri Mz. D8 Lt. 13, Urb. Los Cedros, Santa Anita - Lima, Ref. A Media Cdra. Del Cruce Con Av. Santa Rosa"
  },
  {
    "Agencia": "Lima / Lima / Santa Anita / Av Santa Rosa - Sta Anita",
    "Direccion": "Av. Santa Rosa #147 – Urb. Santa Anita Mz. B1 Lt. 08 Unidad Inmobiliaria N° 1 - Santa Anita - Lima, Ref. A Una Cdra. De La Carretera Central"
  },
  {
    "Agencia": "Lima / Lima / Santa Anita / Av. Huarochirí",
    "Direccion": "Av. Huarochirí Mz. E1 Lt. 03 - Urb. Los Cedros Santa Anita, Ref. Cruce De Av. Huarochirí Con Av. Santa Ana"
  },
  {
    "Agencia": "Lima / Lima / Santiago De Surco / Av Tomas Marsano - La Bolichera",
    "Direccion": "Av. Santiago De Surco Nº 4348, Urbanización La Virreyna, Santiago De Surco - Lima, Ref. Al Lado De Inteci Sede Surco"
  },
  {
    "Agencia": "Lima / Lima / Santiago De Surco / Higuereta",
    "Direccion": "Calle Barlovento N° 134 Referencia: A 3 Cdras De Polvos Rosados, Cerca Al Óvalo Higuereta, Surco"
  },
  {
    "Agencia": "Lima / Lima / Santiago De Surco / Surco Mateo Pumacahua",
    "Direccion": "Av. San Juan Mz A Lote 01 Mateo Pumacahua - Surco, Ref. A 2 Cuadras De La Av. Tupac Amaru Entre El Límite De Chorrillos Y Surco"
  },
  {
    "Agencia": "Lima / Lima / Surquillo / Av. Principal",
    "Direccion": "Lt. 12 Mz. G, Av. Principal 995 (ex Av. Uno) Urb. Los Sauces 2da Etapa, Surquillo, Ref. Cruce Con A. Manuel Villarán"
  },
  {
    "Agencia": "Lima / Lima / Surquillo / Rep. De Panama",
    "Direccion": "Av República De Panamá N° 5115, Referencia: Costado Del Grifo Repsol."
  },
  {
    "Agencia": "Lima / Lima / Villa El Salvador / 01 De Mayo",
    "Direccion": "Av. 01de Mayo 1 Sect Gp 23 - A Mz N Lote 13 - V.e.s., Ref. Av. Pastor Sevilla Con Av. 1 De Mayo A 2 Cuadras Del Hospital De La Solidaridad Por La Ruta C"
  },
  {
    "Agencia": "Lima / Lima / Villa El Salvador / Av. Cesar Vallejo",
    "Direccion": "Av. Cesar Vallejo, Mz. F Lt. 1 - Sect. 2, Referencia: Frente A Essalud, Al Costado Del Mercado Villa Sur"
  },
  {
    "Agencia": "Lima / Lima / Villa El Salvador / Av. Pastor Sevilla",
    "Direccion": "Mz. B Lt. 3 Barrio 3 Sector 2 - 4ta Etapa - Ves, Referencia: Por El Óvalo Cerro Lomas, Frente Al Colegio Virgen Del Rosario"
  },
  {
    "Agencia": "Lima / Lima / Villa El Salvador / Óvalo Mariátegui",
    "Direccion": "Av. Pastor Sevilla Sect. 6 - Gp 7 - Mz. A - Lote 05 - V.e.s., Ref. A 2 Cuadras Del Óvalo Mariátegui Con 3 De Octubre"
  },
  {
    "Agencia": "Lima / Lima / Villa Maria Del Triunfo / Av. Lima - Vmt",
    "Direccion": "Av. Lima 2208 José Gálvez- Villa María Del Triunfo, Referencia: A Dos Cdras. De La Curva José Gálvez"
  },
  {
    "Agencia": "Lima / Lima / Villa Maria Del Triunfo / Av. Villa Maria",
    "Direccion": "Av Villa Maria Mz. G12 Lt. 9 - B Ps 1 Sect. Villa Maria Del Triunfo, Ref. Av. Villa Maria A 2 Cuadras De La Municipalidad De Vmt Y Al Costado De Essalud"
  },
  {
    "Agencia": "Lima / Lima / Villa Maria Del Triunfo / Las Conchitas",
    "Direccion": "Av. Pachacutec 6779, Mz. N, Lt. 20, Villa Maria Del Triunfo - Referencia: A Una Cdra. Del Grifo Repsol Las Conchitas"
  },
  {
    "Agencia": "Lima / Lima / Villa Maria Del Triunfo / Pesquero",
    "Direccion": "Av. Pachacutec N° 3548, Referencia: Frente A Real Plaza, A 1 Cdra. De Mayorsa"
  },
  {
    "Agencia": "Loreto / Alto Amazonas / Yurimaguas / Yurimaguas",
    "Direccion": "Calle Jorge Chávez N° 300, Referencia: Esquina Con Progreso, Al Costado De Enapu"
  },
  {
    "Agencia": "Loreto / Maynas / Iquitos / Iquitos Co Jr. Pablo Rossell",
    "Direccion": "Jr. Pablo Rossell 590 Con Nanay, Ref. Cruce Con Av. Nanay Frente Al Instituto Cepro América Computer"
  },
  {
    "Agencia": "Loreto / Maynas / Iquitos / Iquitos Jr Francisco Bolognesi",
    "Direccion": "Jr. Francisco Bolognesi Nro 203 - 215 Iquitos. Referencia : Esquina Con Putumayo"
  },
  {
    "Agencia": "Loreto / Maynas / Iquitos San Juan Bautista / Av Jose A. Quiñones",
    "Direccion": "Av. José Abelardo Quiñones # 2475 San Juan Bautista - Maynas - Loreto, Ref. Frente A La Universidad Científica Del Perú (ucp)"
  },
  {
    "Agencia": "Loreto / Maynas / Iquitos San Juan Bautista / Av Participacion Parcela",
    "Direccion": "Av. Participación Parcela 9-a San Juan Bautista - Maynas - Loreto, Ref. Frente Al Lavadero Osito Y A Media Cdra. Del Parque 1 De Enero"
  },
  {
    "Agencia": "Madre De Dios / Tahuamanu / Iberia / Iberia",
    "Direccion": "Av. Jorge Chavez Mz. H1 Sub Lote 11-b, Iberia - Tahuamanu - Madre De Dios, Ref. A Una Cdra. De La Empresa Real Dorado / A Una Cdra. Y Media De La Av Jose Aldamiz"
  },
  {
    "Agencia": "Madre De Dios / Tambopata / Inambari / Mazuko",
    "Direccion": "Av. Inambari Fraccion N° 07, Inambari - Tambopata - Madre De Dios, Ref. Al Frente Del Restaurante Carbon Rojo Mazuko"
  },
  {
    "Agencia": "Madre De Dios / Tambopata / Tambopata / Jr. Jaime Troncoso",
    "Direccion": "Jr. Jaime Troncoso 442, Tambopata - Madre De Dios, Ref. A Media Cdra. Del Jardin Piloto / A Media Cdra. De La Empresa Real Dorado"
  },
  {
    "Agencia": "Madre De Dios / Tambopata / Tambopata / Tambopata Av La Joya Co",
    "Direccion": "Av. La Joya N° 122 - Pto. Maldonado, Referencia: Frente Al Óvalo De Los Otorongos"
  },
  {
    "Agencia": "Moquegua / Ilo / Ilo / Ilo Co Pampa Inalambrica",
    "Direccion": "Urb. Ciudad Del Pescador, Mz. J Lt. 18-19, Referencia: A Dos Cuadras Del Poder Judicial"
  },
  {
    "Agencia": "Moquegua / Ilo / Ilo / Ilo Puerto",
    "Direccion": "Jr. Callao Prolongación Mz. N, Lt. 19 - A, Referencia: A Media Cdra. De La Cooperativa Cuajone"
  },
  {
    "Agencia": "Moquegua / Ilo / Pacocha / Ilo Pacocha",
    "Direccion": "Agrupación De Familias Pueblo Nuevo M.z E2 Lt. Com2a Sect. Ii – Ilo - Moquegua, Ref. Al Costado Del Banco Bcp"
  },
  {
    "Agencia": "Moquegua / Mariscal Nieto / Moquegua / Calle Lima",
    "Direccion": "Calle Lima 190 - Mariscal Nieto - Moquegua, Ref. A Dos Cuadras Del Parque Los Héroes/alameda"
  },
  {
    "Agencia": "Moquegua / Mariscal Nieto / Moquegua / Quebrada Las Lechuzas Co",
    "Direccion": "Sector Quebrada Las Lechuzas Moquegua Calle N°1 Mz H Lt. 04, Moquegua - Mariscal Nieto - Moquegua, Ref. Quebrada De Lechuzas"
  },
  {
    "Agencia": "Moquegua / Mariscal Nieto / Moquegua / San Antonio",
    "Direccion": "Av. Santa Fortunata Mz. N5 Lt. 10 Asoc. Villa Moquegua San Antonio. Referencia : A Una Cuadra De La Casa De La Mujer"
  },
  {
    "Agencia": "Pasco / Oxapampa / Oxapampa / Oxapampa",
    "Direccion": "Jr. Lima Con Jr. Frey S/n oxapampa - Pasco, Ref. a 1 Cdra. Del Coliseo Municipal De Oxapampa"
  },
  {
    "Agencia": "Pasco / Oxapampa / Villa Rica / Villa Rica",
    "Direccion": "Av. Leopoldo Krausse N° 442 Villa Rica - Oxapampa - Pasco, Ref. Entre El Jr. Pozuzo Y Jr. Cooperativa, Al Costado De La Notaría Guerra Y A 20 Metros De La Plaza Principal"
  },
  {
    "Agencia": "Pasco / Pasco / Chaupimarca / Cerro De Pasco",
    "Direccion": "Jr. Huaricapcha S/n A.h. Tupac Amaru Chaupimarca, Referencia: Frente Al Nuevo Terminal"
  },
  {
    "Agencia": "Pasco / Pasco / Huayllay / Huayllay",
    "Direccion": "Calle Lima S/n Barrio Arenales Huayllay Pasco - Referencia: Al Costado Del Colegio Cesar Vallejo"
  },
  {
    "Agencia": "Piura / Ayabaca / Ayabaca / Ayabaca",
    "Direccion": "Calle Bolognesi N° 136, Ref. A 2 Cuadras De La Plaza De Armas De Ayabaca"
  },
  {
    "Agencia": "Piura / Ayabaca / Paimas / Paimas",
    "Direccion": "Av. Sullana S/n, Ref. Frente Al Complejo Educativo Juan Velasco Alvarado"
  },
  {
    "Agencia": "Piura / Huancabamba / Huancabamba / Huancabamba",
    "Direccion": "Av. Ramon Castilla 0351 Huancabamba - Piura, Ref. A 1 Cuadra De La Capilla Ramon Castilla"
  },
  {
    "Agencia": "Piura / Morropon / Chulucanas / Chulucanas",
    "Direccion": "Jr. Huancavelica N° 548 Referencia : Al Lado Del Terminal De Ronco"
  },
  {
    "Agencia": "Piura / Morropon / Morropon / Morropon",
    "Direccion": "Calle 2 De Mayo N° 372, Referencia: A Dos Cdras. De La Plaza Miguel Grau"
  },
  {
    "Agencia": "Piura / Paita / Paita / Paita",
    "Direccion": "Mz. H Lt. 14 Urb. Sol Y Mar - Paita, Referencia: Al Costado De La Empresa San Miguel"
  },
  {
    "Agencia": "Piura / Piura / 26 De Octubre / Aahh Santa Rosa Piura",
    "Direccion": "Urb. Santa Rosa Mz. D Lt. 7, Sect. 7, 26 De Octubre - Piura. Ref. Av. Raul Mata La Cruz Con Circunvalación Al Frente De Repuestos Frank|"
  },
  {
    "Agencia": "Piura / Piura / 26 De Octubre / Av. Gullman",
    "Direccion": "A.a.h.h. Consuelo De Velasco 1 Etapa Sector B Mz Lt.18 26 De Octubre – Piura, Ref. Cruce Av. Circunvalación Con Av. Gullman Al Costado De La Ferreteria los Reyes"
  },
  {
    "Agencia": "Piura / Piura / 26 De Octubre / Calle Emaús",
    "Direccion": "Calle Tres N° 102, Sublote N° 1d Mz. Y - Zona Industrial Ii, Distrito 26 De Octubre - Referencia: Al Costado De Senati"
  },
  {
    "Agencia": "Piura / Piura / 26 De Octubre / Parque Industrial Co Piura Futura",
    "Direccion": "Urb. Parque Industrial Piura Futura Mz. G, Lt. 1a. 26 De Octubre - Piura, Referencia: Al Frente Del Grifo Petro Perú"
  },
  {
    "Agencia": "Piura / Piura / Castilla / Av Tacna",
    "Direccion": "Av. Tacna 509 Castilla - Piura, Referencia: Frente A Ugel De Castilla"
  },
  {
    "Agencia": "Piura / Piura / Castilla / Tacala",
    "Direccion": "Aa.hh. San Valentín Mz. N Lt. 12 Castilla - Piura, Referencia: Al Costado Del Colegio Pedro Ruiz Gallo"
  },
  {
    "Agencia": "Piura / Piura / Catacaos / Catacaos",
    "Direccion": "Av. Francisco Bolognesi Mz. 60 Lt. 37 Catacaos - Piura - Piura, Ref. Al Lado Del Ex Pronei"
  },
  {
    "Agencia": "Piura / Piura / La Union / La Union",
    "Direccion": "Av. Lima N° 590 Referencia : Frente A Tiendas Chancafe Q"
  },
  {
    "Agencia": "Piura / Piura / Las Lomas / Las Lomas",
    "Direccion": "Jr. Miguel Grau Mz. H Lt. 7, Las Lomas - Piura, Ref. Al Costado De Caja Huancayo Y Al Costado De Comisaria Las Lomas"
  },
  {
    "Agencia": "Piura / Piura / Piura / Av. Grau",
    "Direccion": "Av. Grau Manzana N, Lote 33 - Urbanización La Alborada. Ref. Grau Con Marcavelica"
  },
  {
    "Agencia": "Piura / Piura / Piura / Av. Luis Eguiguren",
    "Direccion": "Av. Málaga Mz. A Lt.20 Int. 105 Piura, Ref. A Media Cuadra De Honda Del Peru S.a. En El Cruce De Av. Luis Eguiguren Con Sullana Norte"
  },
  {
    "Agencia": "Piura / Piura / Tambo Grande / Tambo Grande",
    "Direccion": "Av. Arámbulo Santín N° 100, Mz. D Lt. E Aa. Hh. Andrés Rázuri Referencia: A Dos Cuadras Del Estadio Deportivo"
  },
  {
    "Agencia": "Piura / Sechura / Sechura / Sechura",
    "Direccion": "Av. Bayovar N° 311 Referencia : Al Costado De Antena 10 Radio"
  },
  {
    "Agencia": "Piura / Sullana / Bellavista / Bellavista Sullana",
    "Direccion": "Calle Moquegua 381, Bellavista, Ref. Rest. Parrilladas Chavelos"
  },
  {
    "Agencia": "Piura / Sullana / Ignacio Escudero / Ignacio Escudero",
    "Direccion": "Av. Panamericana Calle 26 Lote 3, Ignacio Escudero - Sullana - Piura, Ref. Frente A La Institución Educativa Ignacio Escudero"
  },
  {
    "Agencia": "Piura / Sullana / Sullana / Sullana Co Zona Industrial",
    "Direccion": "Ctra. Sullana Nº S/n Mz. K, Lt. 06 - Zona Industrial Municipal, Referencia: Al Costado Del Hotel Coco Suite"
  },
  {
    "Agencia": "Piura / Sullana / Sullana / Sullana Santa Rosa",
    "Direccion": "Carretera Panamericana Norte Nº 790 Sullana Referencia : Frente Al Colegio Chiquititos"
  },
  {
    "Agencia": "Piura / Talara / El Alto / El Alto",
    "Direccion": "Av. Bolognesi O-37 Centro El Alto, Referencia: A Espaldas De La Municipalidad De El Alto"
  },
  {
    "Agencia": "Piura / Talara / Los Organos / Los Organos",
    "Direccion": "Av. Panamericana Norte P-29 - Urb. Cercado Zona Urbana, Referencia Al Frente De Grifo De Troncos O Grifo San Pedro"
  },
  {
    "Agencia": "Piura / Talara / Mancora / Máncora",
    "Direccion": "Av. Grau Nro. 432 Máncora - Talara - Piura, Ref. Frente Al Paradero De Autos De Los Órganos En Toda La Panamericana Norte."
  },
  {
    "Agencia": "Piura / Talara / Parinas / Talara Baja Co Asoc California",
    "Direccion": "Asociación California C - 03 Frente A Carretera Negritos, Talara - Pariñas, Referencia: Al Costado Del Restaurante Mi Torete"
  },
  {
    "Agencia": "Puno / Azangaro / Azangaro / Azangaro",
    "Direccion": "Av. Próceres S/n, Azángaro - Puno, Ref. a Dos Cdras. Del Parque De La Madre / A Orillas De La Misma Av. Proceres"
  },
  {
    "Agencia": "Puno / Chucuito / Desaguadero / Desaguadero",
    "Direccion": "Av. 28 De Julio N° 564 - 566, Chucuito Ref. A 50 Mtrs. Del Banco De La Nacion"
  },
  {
    "Agencia": "Puno / El Collao / Ilave / Ilave",
    "Direccion": "Jr. Bolognesi Nro. 866 Barrio Cruzani, El Collao, Ref. A Una Cuadra Del Coliseo Y Del Cementerio De Ilave"
  },
  {
    "Agencia": "Puno / Melgar / Ayaviri / Ayaviri",
    "Direccion": "Jr. Santa Rosa Prolongación S/n Magisterial - Puno - Melgar - Ayaviri, Ref. A 50 Metros Del Óvalo, Salida A Juliaca"
  },
  {
    "Agencia": "Puno / Puno / Puno / Alto Puno",
    "Direccion": "Urb. San Pedro-alto Puno, Av La Cultura N° 160, Puno - Puno - Puno, Ref. A Tres Cdras. De La Av. Que Va A Juliaca / A Dos Cdras. Del Grifo Bronco"
  },
  {
    "Agencia": "Puno / Puno / Puno / Av Costanera",
    "Direccion": "Av. Costanera N° 211 Con Jr. Los Incas - Puno"
  },
  {
    "Agencia": "Puno / Puno / Puno / Salcedo",
    "Direccion": "Urb. Aziruni Tepro I Etapa Mz. 18 Lt. 52 Jr Los Rosales – Salcedo Puno, Ref. A Una Cdra. De La Av. Estudiante / A Dos Cdras. De Senati Puno"
  },
  {
    "Agencia": "Puno / San Roman / Juliaca / Av Independencia",
    "Direccion": "Av. Independencia Nro. 1538 Mz. A1 Lt. 04 Urb. Horacio Zeballos Gamez, Juliaca - San Román - Puno, Al Frente Del Grifo San Carlos / Cruce Con Jr 21 De Eneroref."
  },
  {
    "Agencia": "Puno / San Roman / Juliaca / Av. Huancane Cdra. 9",
    "Direccion": "Jr. Sillustani N° 202, San Roman - Juliaca, Ref. A 3 Cdras. Del Hospital Carlos Monge Medrano"
  },
  {
    "Agencia": "Puno / San Roman / Juliaca / Av. Lampa",
    "Direccion": "Av. Lampa Mz. B2 Lt. 3 Urb. Santa Adriana, Juliaca - San Román - Puno, Ref. A Media Cdra. De La Posta De Salud De La Urb. Santa Adriana"
  },
  {
    "Agencia": "Puno / San Roman / Juliaca / Av. Modesto Borda",
    "Direccion": "Av. Modesto Borda Mz. A Lt. 04 Urb. Arrabal Don Julio, Juliaca - San Roman - Puno, Ref. Dos Cdras. Antes Del Grifo Blanco / A Dos Cdras. Del Salon De Eventos Paraiso Azul"
  },
  {
    "Agencia": "Puno / San Roman / Juliaca / Juliaca San Santiago Co",
    "Direccion": "Jr. Mama Ocllo 915 - B ( Cruce Con Jr Azángaro )"
  },
  {
    "Agencia": "Puno / San Roman / Juliaca / Las Mercedes",
    "Direccion": "Jr. Porvenir N° 228 Urb. Las Mercedes, San Roman - Puno, Ref. A Una Cdra. De La Av. Circunvalacion Oeste - A Una Cdra. Del Terminal Las Mercedes"
  },
  {
    "Agencia": "San Martin / Bellavista / Bellavista / San Martin Bellavista",
    "Direccion": "Av. Lima S/n Cdra. 8 - Bellavista, Ref. Al Costado De La Polleria La Cabaña O Al Poder Judicial"
  },
  {
    "Agencia": "San Martin / Lamas / Lamas / Lamas",
    "Direccion": "Jr. 16 De Octubre N°1137, Referencia: A La Espalda Del Grifo Vargas Tello"
  },
  {
    "Agencia": "San Martin / Mariscal Caceres / Juanjui / Juanjuí",
    "Direccion": "Carretera Fernando Terry Km. 1 S/n Referencia: Al Costado De Paradero De Autos Huallaga Express"
  },
  {
    "Agencia": "San Martin / Moyobamba / Moyobamba / Moyobamba",
    "Direccion": "Jr. 20 De Abril 2138 - Referencia : Altura De La Pampa Del Hambre"
  },
  {
    "Agencia": "San Martin / Picota / Picota / Picota",
    "Direccion": "Av. Fernando Belaunde Terry Lote 2b Picota - Picota - San Martin. Ref, A Una Cdra. De La Comisaria De Picota Salida A Bellavista"
  },
  {
    "Agencia": "San Martin / Rioja / Nueva Cajamarca / Nueva Cajamarca",
    "Direccion": "Av. Cajamarca Norte Mz. 51 Lt. 15, Referencia: Al Costado De Essalud"
  },
  {
    "Agencia": "San Martin / Rioja / Pardo Miguel / Pardo Miguel Naranjos",
    "Direccion": "Av. Miguel Grau 101 Mz. 34 Lt. 6, Pardo Miguel, Rioja - San Martin, Ref. Av. Marginal Cdra. 5"
  },
  {
    "Agencia": "San Martin / Rioja / Rioja / Rioja",
    "Direccion": "Ctra. Fernando Belaúnde Terry N° 415, Referencia: Al Costado De La Clínica Chilcon Hope"
  },
  {
    "Agencia": "San Martin / San Martin / La Banda De Shilcayo / Tarapoto La Banda De Shilcayo",
    "Direccion": "Jr. Perú N°186, Referencia: A 2 Cdrs. De La Plaza De La Banda De Shilcayo"
  },
  {
    "Agencia": "San Martin / San Martin / Morales / Tarapoto Jr. Sargento Lorez",
    "Direccion": "Jr. Sargento Lorez N° 264, Morales - San Martin, Ref. A Una Cdra. Y Media De La Plaza De Morales, Frente A Vulcano Gas"
  },
  {
    "Agencia": "San Martin / San Martin / Tarapoto / Jr Leoncio Prado",
    "Direccion": "Jr. Leoncio Prado N° 1175, Referencia: A Una Cuadra Del Instituto María Parado De Bellido"
  },
  {
    "Agencia": "San Martin / San Martin / Tarapoto / Jr. Ramón Castilla",
    "Direccion": "Jr. Ramon Castilla N°1362 Tarapoto - San Martin, Ref. A Media Cdra. De Mannucci Motor S.a."
  },
  {
    "Agencia": "San Martin / San Martin / Tarapoto / Jr. Tahuantinsuyo",
    "Direccion": "Jr. Tahuantinsuyo N° 158 - Tarapoto - San Martín, Ref. Al Costado Del Grifo San Martín"
  },
  {
    "Agencia": "San Martin / San Martin / Tarapoto / Tarapoto Co Jr Alfonso Ugarte",
    "Direccion": "Jr. Alfonso Ugarte N°2283 - Tarapoto - San Martin - San Martin, Ref. frente A La Cancha Sintético El Golazo"
  },
  {
    "Agencia": "San Martin / Tocache / Tocache / Av Fernando Belaunde",
    "Direccion": "Av. Fernando Belaunde C-09 Mz H6 (21), Lt. 04, Cercado De Tocache, Ref. Frente Al Mercadillo De Tocache"
  },
  {
    "Agencia": "San Martin / Tocache / Tocache / Jr Fredy Aliaga Co",
    "Direccion": "Jr. Fredy Aliaga N°3046 -tocache - Tocache - San Martin, Ref. al Costado Del Recreo Campestre Estragos"
  },
  {
    "Agencia": "San Martin / Tocache / Uchiza / Uchiza",
    "Direccion": "Av. Leoncio Prado N°524 - Uchiza - Tocache - San Martin, Ref. A Media Cdra. De La Plaza Central / Frente A Coopact"
  },
  {
    "Agencia": "Tacna / Tacna / Ciudad Nueva / Tacna Ciudad Nueva",
    "Direccion": "Ciudad Nueva Mz 46 Lt 12 Comité 10 Ciudad Nueva - Tacna, Ref. A Una Cdra. De La Plaza José Olaya De Ciudad Nueva"
  },
  {
    "Agencia": "Tacna / Tacna / Coronel Gregorio Albarracin Lanchipa / Av. Municipal",
    "Direccion": "Asociación Las vilcas mz. E Lt. 16, Gregorio Albarracín Lanchipa - Tacna Ref. Frente Al Mercado Héroes Del Cenepa"
  },
  {
    "Agencia": "Tacna / Tacna / Coronel Gregorio Albarracin Lanchipa / Villa San Francisco",
    "Direccion": "Asoc. Villa San Francisco Mz. 94 Lt. 22, Referencia: Cerca A Caja Cusco"
  },
  {
    "Agencia": "Tacna / Tacna / Tacna / Av Vigil",
    "Direccion": "Av. Vigil 1636, Referencia: A Una Cdra. De La Plaza Grau"
  },
  {
    "Agencia": "Tacna / Tacna / Tacna / Av. Arias Araguez",
    "Direccion": "Calle Arias Araguez N° 836 tacna, Ref. A Una Cdra. Antes De Llegar Al Coliseo Perú"
  },
  {
    "Agencia": "Tacna / Tacna / Tacna / Tacna Co Av. Jorge Basadre",
    "Direccion": "Av. Jorge Basadre Grohmann Oeste N° 366 - Tacna"
  },
  {
    "Agencia": "Tumbes / Contralmirante Villa / Zorritos / Zorritos",
    "Direccion": "Av. Grau 307 - 01 - Zorritos - Contralmirante Villa - Tumbes, Ref. Frente A Trotamundo En Toda La Panamericana Norte"
  },
  {
    "Agencia": "Tumbes / Tumbes / Corrales / Corrales",
    "Direccion": "Av. Huáscar Nº 311 Int. 01 Centro, Corrales - Tumbes, Ref. A Espaldas De La Plaza De Armas"
  },
  {
    "Agencia": "Tumbes / Tumbes / La Cruz / La Cruz Tumbes",
    "Direccion": "Jr. Piura 105 Caleta La Cruz, La Cruz - Tumbes, Ref. Frente a ctr. panamericana Norte Y Al Frente De Motorepuestos Y Multiservicios Lujan"
  },
  {
    "Agencia": "Tumbes / Tumbes / Tumbes / Pampa Grande Tumbes",
    "Direccion": "Mz. 0u Lt. 00a Aa.hh. Pampa Grande, Tumbes, Ref. Frente a la Av. Universitaria, Y Al Frente A La iglesia Mormones Y Al Lado De Un Lavadero De Autos."
  },
  {
    "Agencia": "Tumbes / Tumbes / Tumbes / Tumbes - Av Arica",
    "Direccion": "Av. Arica N° 227 - Tumbes."
  },
  {
    "Agencia": "Tumbes / Tumbes / Tumbes / Tumbes Co - Panamericana Norte Km 2360",
    "Direccion": "Av. Panamericana Norte S/n Villa Primavera - Tumbes. Ref. Pasando Senati Frente A Agripac"
  },
  {
    "Agencia": "Tumbes / Tumbes / Tumbes / Tumbes Puyango",
    "Direccion": "Urb. Andrés Araujo Morán Mz. 28-a Lote 03 Calle Jacinto Seminario, Ref. Al Costado Del Mercado Puyango"
  },
  {
    "Agencia": "Tumbes / Zarumilla / Aguas Verdes / Aguas Verdes",
    "Direccion": "Av Tumbes S/n Lote 09 Mz 17 , A.h Tomas Arizola Olaya , Sector Ii - Referencia : A Una Cuadra Del Parque Tomas Arizola."
  },
  {
    "Agencia": "Tumbes / Zarumilla / Zarumilla / Zarumilla",
    "Direccion": "Jiron Independencia 309 Zarumilla, Ref. Atrás De La Plaza De Armas Y Frente Al Dorado Pasando 5 Casas"
  },
  {
    "Agencia": "Ucayali / Coronel Portillo / Pucallpa Calleria / Calleria",
    "Direccion": "Jr. Jose Galvez 147 Calleria - Coronel Portillo - Ucayali. Referencia : A Media Cuadra De La Av. Centenario"
  },
  {
    "Agencia": "Ucayali / Coronel Portillo / Pucallpa Yarinacocha / Pucallpa Co Federico Basadre",
    "Direccion": "Carretera Federico Basadre Km 6.800 Yarinacocha - Coronel Portillo - Ucayali, Ref. Entrada Del Asentamiento Humano Alan Sisley/al Costado De La Empresa Jvj Service Oriente Sac"
  },
  {
    "Agencia": "Ucayali / Coronel Portillo / Pucallpa Yarinacocha / Yarinacocha Centro",
    "Direccion": "Jr. Tupac Amaru, Mz. 50, Lt. 07, Referencia: A Espalda De Maestranza De Yarinacocha"
  },
  {
    "Agencia": "Ucayali / Padre Abad / Aguaytia / Aguaytía",
    "Direccion": "U. Vecinal Barrio Unido Mz. 1 Lt. 2, Padre Abad - Ucayali, Ref. Al Costado Del Terminal Terrestre De Aguaytia"
  }
]
